2025-12-07T10:07:23.325+05:30  INFO 10820 --- [Nexashop] [main] c.nexashop.backend.NexaShopApplication   : Starting NexaShopApplication using Java 24.0.1 with PID 10820 (D:\tech\NexaShop\server\target\classes started by thewe in D:\tech\NexaShop\server)
2025-12-07T10:07:23.327+05:30 DEBUG 10820 --- [Nexashop] [main] c.nexashop.backend.NexaShopApplication   : Running with Spring Boot v3.4.0, Spring v6.2.0
2025-12-07T10:07:23.328+05:30  INFO 10820 --- [Nexashop] [main] c.nexashop.backend.NexaShopApplication   : No active profile set, falling back to 1 default profile: "default"
2025-12-07T10:07:23.926+05:30  INFO 10820 --- [Nexashop] [main] .s.d.r.c.RepositoryConfigurationDelegate : Bootstrapping Spring Data JPA repositories in DEFAULT mode.
2025-12-07T10:07:24.016+05:30  INFO 10820 --- [Nexashop] [main] .s.d.r.c.RepositoryConfigurationDelegate : Finished Spring Data repository scanning in 73 ms. Found 5 JPA repository interfaces.
2025-12-07T10:07:24.443+05:30  INFO 10820 --- [Nexashop] [main] o.s.b.w.embedded.tomcat.TomcatWebServer  : Tomcat initialized with port 8080 (http)
2025-12-07T10:07:24.456+05:30  INFO 10820 --- [Nexashop] [main] o.apache.catalina.core.StandardService   : Starting service [Tomcat]
2025-12-07T10:07:24.456+05:30  INFO 10820 --- [Nexashop] [main] o.apache.catalina.core.StandardEngine    : Starting Servlet engine: [Apache Tomcat/10.1.33]
2025-12-07T10:07:24.521+05:30  INFO 10820 --- [Nexashop] [main] o.a.c.c.C.[Tomcat].[localhost].[/]       : Initializing Spring embedded WebApplicationContext
2025-12-07T10:07:24.522+05:30  INFO 10820 --- [Nexashop] [main] w.s.c.ServletWebServerApplicationContext : Root WebApplicationContext: initialization completed in 1140 ms
2025-12-07T10:07:24.569+05:30 DEBUG 10820 --- [Nexashop] [main] c.n.b.security.JwtAuthenticationFilter   : Filter 'jwtAuthenticationFilter' configured for use
2025-12-07T10:07:24.678+05:30  INFO 10820 --- [Nexashop] [main] o.hibernate.jpa.internal.util.LogHelper  : HHH000204: Processing PersistenceUnitInfo [name: default]
2025-12-07T10:07:24.747+05:30  INFO 10820 --- [Nexashop] [main] org.hibernate.Version                    : HHH000412: Hibernate ORM core version 6.6.2.Final
2025-12-07T10:07:24.784+05:30  INFO 10820 --- [Nexashop] [main] o.h.c.internal.RegionFactoryInitiator    : HHH000026: Second-level cache disabled
2025-12-07T10:07:25.009+05:30  INFO 10820 --- [Nexashop] [main] o.s.o.j.p.SpringPersistenceUnitInfo      : No LoadTimeWeaver setup: ignoring JPA class transformer
2025-12-07T10:07:25.046+05:30  INFO 10820 --- [Nexashop] [main] com.zaxxer.hikari.HikariDataSource       : HikariPool-1 - Starting...
2025-12-07T10:07:25.171+05:30  INFO 10820 --- [Nexashop] [main] com.zaxxer.hikari.pool.HikariPool        : HikariPool-1 - Added connection com.mysql.cj.jdbc.ConnectionImpl@7ff09659
2025-12-07T10:07:25.173+05:30  INFO 10820 --- [Nexashop] [main] com.zaxxer.hikari.HikariDataSource       : HikariPool-1 - Start completed.
2025-12-07T10:07:25.204+05:30  WARN 10820 --- [Nexashop] [main] org.hibernate.dialect.Dialect            : HHH000511: The 5.5.5 version for [org.hibernate.dialect.MySQLDialect] is no longer supported, hence certain features may not work properly. The minimum supported version is 8.0.0. Check the community dialects project for available legacy versions.
2025-12-07T10:07:25.213+05:30  WARN 10820 --- [Nexashop] [main] org.hibernate.orm.deprecation            : HHH90000025: MySQLDialect does not need to be specified explicitly using 'hibernate.dialect' (remove the property setting and it will be selected by default)
2025-12-07T10:07:25.235+05:30  INFO 10820 --- [Nexashop] [main] org.hibernate.orm.connections.pooling    : HHH10001005: Database info:
	Database JDBC URL [Connecting through datasource 'HikariDataSource (HikariPool-1)']
	Database driver: undefined/unknown
	Database version: 5.5.5
	Autocommit mode: undefined/unknown
	Isolation level: undefined/unknown
	Minimum pool size: undefined/unknown
	Maximum pool size: undefined/unknown
2025-12-07T10:07:25.915+05:30  INFO 10820 --- [Nexashop] [main] o.h.e.t.j.p.i.JtaPlatformInitiator       : HHH000489: No JTA platform available (set 'hibernate.transaction.jta.platform' to enable JTA platform integration)
2025-12-07T10:07:26.000+05:30  INFO 10820 --- [Nexashop] [main] j.LocalContainerEntityManagerFactoryBean : Initialized JPA EntityManagerFactory for persistence unit 'default'
2025-12-07T10:07:26.412+05:30  WARN 10820 --- [Nexashop] [main] JpaBaseConfiguration$JpaWebConfiguration : spring.jpa.open-in-view is enabled by default. Therefore, database queries may be performed during view rendering. Explicitly configure spring.jpa.open-in-view to disable this warning
2025-12-07T10:07:26.435+05:30  WARN 10820 --- [Nexashop] [main] .s.s.UserDetailsServiceAutoConfiguration : 

Using generated security password: d90cc3d5-5fa9-4775-9c34-ec9d2227bed6

This generated password is for development use only. Your security configuration must be updated before running your application in production.

2025-12-07T10:07:26.445+05:30  INFO 10820 --- [Nexashop] [main] r$InitializeUserDetailsManagerConfigurer : Global AuthenticationManager configured with UserDetailsService bean with name inMemoryUserDetailsManager
2025-12-07T10:07:26.619+05:30 DEBUG 10820 --- [Nexashop] [main] s.w.s.m.m.a.RequestMappingHandlerMapping : 29 mappings in 'requestMappingHandlerMapping'
2025-12-07T10:07:26.697+05:30 DEBUG 10820 --- [Nexashop] [main] o.s.w.s.handler.SimpleUrlHandlerMapping  : Patterns [/webjars/**, /**, /uploads/**, /swagger-ui*/*swagger-initializer.js, /swagger-ui*/**] in 'resourceHandlerMapping'
2025-12-07T10:07:26.747+05:30 DEBUG 10820 --- [Nexashop] [main] o.s.s.web.DefaultSecurityFilterChain     : Will secure any request with filters: DisableEncodeUrlFilter, WebAsyncManagerIntegrationFilter, SecurityContextHolderFilter, HeaderWriterFilter, CorsFilter, LogoutFilter, JwtAuthenticationFilter, RequestCacheAwareFilter, SecurityContextHolderAwareRequestFilter, AnonymousAuthenticationFilter, SessionManagementFilter, ExceptionTranslationFilter, AuthorizationFilter
2025-12-07T10:07:26.812+05:30 DEBUG 10820 --- [Nexashop] [main] s.w.s.m.m.a.RequestMappingHandlerAdapter : ControllerAdvice beans: 0 @ModelAttribute, 0 @InitBinder, 1 RequestBodyAdvice, 1 ResponseBodyAdvice
2025-12-07T10:07:26.881+05:30 DEBUG 10820 --- [Nexashop] [main] .m.m.a.ExceptionHandlerExceptionResolver : ControllerAdvice beans: 1 @ExceptionHandler, 1 ResponseBodyAdvice
2025-12-07T10:07:27.021+05:30  INFO 10820 --- [Nexashop] [main] o.s.b.w.embedded.tomcat.TomcatWebServer  : Tomcat started on port 8080 (http) with context path '/'
2025-12-07T10:07:27.028+05:30  INFO 10820 --- [Nexashop] [main] c.nexashop.backend.NexaShopApplication   : Started NexaShopApplication in 4.035 seconds (process running for 4.294)
2025-12-07T10:07:41.047+05:30  INFO 10820 --- [Nexashop] [http-nio-8080-exec-2] o.a.c.c.C.[Tomcat].[localhost].[/]       : Initializing Spring DispatcherServlet 'dispatcherServlet'
2025-12-07T10:07:41.047+05:30  INFO 10820 --- [Nexashop] [http-nio-8080-exec-2] o.s.web.servlet.DispatcherServlet        : Initializing Servlet 'dispatcherServlet'
2025-12-07T10:07:41.048+05:30 DEBUG 10820 --- [Nexashop] [http-nio-8080-exec-2] o.s.web.servlet.DispatcherServlet        : Detected StandardServletMultipartResolver
2025-12-07T10:07:41.048+05:30 DEBUG 10820 --- [Nexashop] [http-nio-8080-exec-2] o.s.web.servlet.DispatcherServlet        : Detected AcceptHeaderLocaleResolver
2025-12-07T10:07:41.048+05:30 DEBUG 10820 --- [Nexashop] [http-nio-8080-exec-2] o.s.web.servlet.DispatcherServlet        : Detected FixedThemeResolver
2025-12-07T10:07:41.049+05:30 DEBUG 10820 --- [Nexashop] [http-nio-8080-exec-2] o.s.web.servlet.DispatcherServlet        : Detected org.springframework.web.servlet.view.DefaultRequestToViewNameTranslator@32f8a37b
2025-12-07T10:07:41.050+05:30 DEBUG 10820 --- [Nexashop] [http-nio-8080-exec-2] o.s.web.servlet.DispatcherServlet        : Detected org.springframework.web.servlet.support.SessionFlashMapManager@71e2ddd
2025-12-07T10:07:41.050+05:30 DEBUG 10820 --- [Nexashop] [http-nio-8080-exec-2] o.s.web.servlet.DispatcherServlet        : enableLoggingRequestDetails='false': request parameters and headers will be masked to prevent unsafe logging of potentially sensitive data
2025-12-07T10:07:41.050+05:30  INFO 10820 --- [Nexashop] [http-nio-8080-exec-2] o.s.web.servlet.DispatcherServlet        : Completed initialization in 2 ms
2025-12-07T10:07:41.065+05:30 DEBUG 10820 --- [Nexashop] [http-nio-8080-exec-2] o.s.security.web.FilterChainProxy        : Securing OPTIONS /api/products/seller?limit=5&offset=0
2025-12-07T10:07:41.065+05:30 DEBUG 10820 --- [Nexashop] [http-nio-8080-exec-1] o.s.security.web.FilterChainProxy        : Securing OPTIONS /api/categories
2025-12-07T10:07:41.104+05:30 DEBUG 10820 --- [Nexashop] [http-nio-8080-exec-6] o.s.security.web.FilterChainProxy        : Securing GET /api/products/seller?limit=5&offset=0
2025-12-07T10:07:41.104+05:30 DEBUG 10820 --- [Nexashop] [http-nio-8080-exec-4] o.s.security.web.FilterChainProxy        : Securing GET /api/categories
2025-12-07T10:07:41.237+05:30 DEBUG 10820 --- [Nexashop] [http-nio-8080-exec-6] o.s.security.web.FilterChainProxy        : Secured GET /api/products/seller?limit=5&offset=0
2025-12-07T10:07:41.237+05:30 DEBUG 10820 --- [Nexashop] [http-nio-8080-exec-4] o.s.security.web.FilterChainProxy        : Secured GET /api/categories
2025-12-07T10:07:41.239+05:30 DEBUG 10820 --- [Nexashop] [http-nio-8080-exec-4] o.s.web.servlet.DispatcherServlet        : GET "/api/categories", parameters={}
2025-12-07T10:07:41.239+05:30 DEBUG 10820 --- [Nexashop] [http-nio-8080-exec-6] o.s.web.servlet.DispatcherServlet        : GET "/api/products/seller?limit=5&offset=0", parameters={masked}
2025-12-07T10:07:41.241+05:30 DEBUG 10820 --- [Nexashop] [http-nio-8080-exec-4] s.w.s.m.m.a.RequestMappingHandlerMapping : Mapped to com.nexashop.backend.controller.CategoryController#getAllCategories()
2025-12-07T10:07:41.241+05:30 DEBUG 10820 --- [Nexashop] [http-nio-8080-exec-6] s.w.s.m.m.a.RequestMappingHandlerMapping : Mapped to com.nexashop.backend.controller.ProductController#getSellerProducts(String, String, String, int, int)
2025-12-07T10:07:41.410+05:30 DEBUG 10820 --- [Nexashop] [http-nio-8080-exec-4] o.s.w.s.m.m.a.HttpEntityMethodProcessor  : Using 'application/json', given [application/json] and supported [application/json, application/*+json, application/yaml]
2025-12-07T10:07:41.413+05:30 DEBUG 10820 --- [Nexashop] [http-nio-8080-exec-4] o.s.w.s.m.m.a.HttpEntityMethodProcessor  : Writing [[com.nexashop.backend.entity.Category@13e171b1, com.nexashop.backend.entity.Category@24acac2b, com.n (truncated)...]
2025-12-07T10:07:41.425+05:30 DEBUG 10820 --- [Nexashop] [http-nio-8080-exec-6] o.s.w.s.m.m.a.HttpEntityMethodProcessor  : Using 'application/json', given [application/json] and supported [application/json, application/*+json, application/yaml]
2025-12-07T10:07:41.426+05:30 DEBUG 10820 --- [Nexashop] [http-nio-8080-exec-6] o.s.w.s.m.m.a.HttpEntityMethodProcessor  : Writing [{total=24, pageSize=5, page=1, products=[com.nexashop.backend.entity.Product@69a1396b, com.nexashop. (truncated)...]
2025-12-07T10:07:41.475+05:30 DEBUG 10820 --- [Nexashop] [http-nio-8080-exec-4] o.s.web.servlet.DispatcherServlet        : Completed 200 OK
2025-12-07T10:07:41.499+05:30 DEBUG 10820 --- [Nexashop] [http-nio-8080-exec-6] o.s.web.servlet.DispatcherServlet        : Failed to complete request: org.springframework.http.converter.HttpMessageConversionException: Type definition error: [simple type, class org.hibernate.proxy.pojo.bytebuddy.ByteBuddyInterceptor]
2025-12-07T10:07:41.503+05:30 ERROR 10820 --- [Nexashop] [http-nio-8080-exec-6] o.a.c.c.C.[.[.[/].[dispatcherServlet]    : Servlet.service() for servlet [dispatcherServlet] in context with path [] threw exception [Request processing failed: org.springframework.http.converter.HttpMessageConversionException: Type definition error: [simple type, class org.hibernate.proxy.pojo.bytebuddy.ByteBuddyInterceptor]] with root cause

com.fasterxml.jackson.databind.exc.InvalidDefinitionException: No serializer found for class org.hibernate.proxy.pojo.bytebuddy.ByteBuddyInterceptor and no properties discovered to create BeanSerializer (to avoid exception, disable SerializationFeature.FAIL_ON_EMPTY_BEANS) (through reference chain: java.util.HashMap["products"]->java.util.ArrayList$SubList[0]->com.nexashop.backend.entity.Product["category"]->com.nexashop.backend.entity.Category$HibernateProxy$yroZAonG["hibernateLazyInitializer"])
	at com.fasterxml.jackson.databind.exc.InvalidDefinitionException.from(InvalidDefinitionException.java:77) ~[jackson-databind-2.18.1.jar:2.18.1]
	at com.fasterxml.jackson.databind.SerializerProvider.reportBadDefinition(SerializerProvider.java:1328) ~[jackson-databind-2.18.1.jar:2.18.1]
	at com.fasterxml.jackson.databind.DatabindContext.reportBadDefinition(DatabindContext.java:414) ~[jackson-databind-2.18.1.jar:2.18.1]
	at com.fasterxml.jackson.databind.ser.impl.UnknownSerializer.failForEmpty(UnknownSerializer.java:53) ~[jackson-databind-2.18.1.jar:2.18.1]
	at com.fasterxml.jackson.databind.ser.impl.UnknownSerializer.serialize(UnknownSerializer.java:30) ~[jackson-databind-2.18.1.jar:2.18.1]
	at com.fasterxml.jackson.databind.ser.BeanPropertyWriter.serializeAsField(BeanPropertyWriter.java:732) ~[jackson-databind-2.18.1.jar:2.18.1]
	at com.fasterxml.jackson.databind.ser.std.BeanSerializerBase.serializeFields(BeanSerializerBase.java:770) ~[jackson-databind-2.18.1.jar:2.18.1]
	at com.fasterxml.jackson.databind.ser.BeanSerializer.serialize(BeanSerializer.java:184) ~[jackson-databind-2.18.1.jar:2.18.1]
	at com.fasterxml.jackson.databind.ser.BeanPropertyWriter.serializeAsField(BeanPropertyWriter.java:732) ~[jackson-databind-2.18.1.jar:2.18.1]
	at com.fasterxml.jackson.databind.ser.std.BeanSerializerBase.serializeFields(BeanSerializerBase.java:770) ~[jackson-databind-2.18.1.jar:2.18.1]
	at com.fasterxml.jackson.databind.ser.BeanSerializer.serialize(BeanSerializer.java:184) ~[jackson-databind-2.18.1.jar:2.18.1]
	at com.fasterxml.jackson.databind.ser.impl.IndexedListSerializer.serializeContents(IndexedListSerializer.java:119) ~[jackson-databind-2.18.1.jar:2.18.1]
	at com.fasterxml.jackson.databind.ser.impl.IndexedListSerializer.serialize(IndexedListSerializer.java:79) ~[jackson-databind-2.18.1.jar:2.18.1]
	at com.fasterxml.jackson.databind.ser.impl.IndexedListSerializer.serialize(IndexedListSerializer.java:18) ~[jackson-databind-2.18.1.jar:2.18.1]
	at com.fasterxml.jackson.databind.ser.std.MapSerializer.serializeFields(MapSerializer.java:808) ~[jackson-databind-2.18.1.jar:2.18.1]
	at com.fasterxml.jackson.databind.ser.std.MapSerializer.serializeWithoutTypeInfo(MapSerializer.java:764) ~[jackson-databind-2.18.1.jar:2.18.1]
	at com.fasterxml.jackson.databind.ser.std.MapSerializer.serialize(MapSerializer.java:720) ~[jackson-databind-2.18.1.jar:2.18.1]
	at com.fasterxml.jackson.databind.ser.std.MapSerializer.serialize(MapSerializer.java:35) ~[jackson-databind-2.18.1.jar:2.18.1]
	at com.fasterxml.jackson.databind.ser.DefaultSerializerProvider._serialize(DefaultSerializerProvider.java:502) ~[jackson-databind-2.18.1.jar:2.18.1]
	at com.fasterxml.jackson.databind.ser.DefaultSerializerProvider.serializeValue(DefaultSerializerProvider.java:422) ~[jackson-databind-2.18.1.jar:2.18.1]
	at com.fasterxml.jackson.databind.ObjectWriter$Prefetch.serialize(ObjectWriter.java:1579) ~[jackson-databind-2.18.1.jar:2.18.1]
	at com.fasterxml.jackson.databind.ObjectWriter.writeValue(ObjectWriter.java:1061) ~[jackson-databind-2.18.1.jar:2.18.1]
	at org.springframework.http.converter.json.AbstractJackson2HttpMessageConverter.writeInternal(AbstractJackson2HttpMessageConverter.java:486) ~[spring-web-6.2.0.jar:6.2.0]
	at org.springframework.http.converter.AbstractGenericHttpMessageConverter.write(AbstractGenericHttpMessageConverter.java:126) ~[spring-web-6.2.0.jar:6.2.0]
	at org.springframework.web.servlet.mvc.method.annotation.AbstractMessageConverterMethodProcessor.writeWithMessageConverters(AbstractMessageConverterMethodProcessor.java:345) ~[spring-webmvc-6.2.0.jar:6.2.0]
	at org.springframework.web.servlet.mvc.method.annotation.HttpEntityMethodProcessor.handleReturnValue(HttpEntityMethodProcessor.java:261) ~[spring-webmvc-6.2.0.jar:6.2.0]
	at org.springframework.web.method.support.HandlerMethodReturnValueHandlerComposite.handleReturnValue(HandlerMethodReturnValueHandlerComposite.java:78) ~[spring-web-6.2.0.jar:6.2.0]
	at org.springframework.web.servlet.mvc.method.annotation.ServletInvocableHandlerMethod.invokeAndHandle(ServletInvocableHandlerMethod.java:136) ~[spring-webmvc-6.2.0.jar:6.2.0]
	at org.springframework.web.servlet.mvc.method.annotation.RequestMappingHandlerAdapter.invokeHandlerMethod(RequestMappingHandlerAdapter.java:986) ~[spring-webmvc-6.2.0.jar:6.2.0]
	at org.springframework.web.servlet.mvc.method.annotation.RequestMappingHandlerAdapter.handleInternal(RequestMappingHandlerAdapter.java:891) ~[spring-webmvc-6.2.0.jar:6.2.0]
	at org.springframework.web.servlet.mvc.method.AbstractHandlerMethodAdapter.handle(AbstractHandlerMethodAdapter.java:87) ~[spring-webmvc-6.2.0.jar:6.2.0]
	at org.springframework.web.servlet.DispatcherServlet.doDispatch(DispatcherServlet.java:1088) ~[spring-webmvc-6.2.0.jar:6.2.0]
	at org.springframework.web.servlet.DispatcherServlet.doService(DispatcherServlet.java:978) ~[spring-webmvc-6.2.0.jar:6.2.0]
	at org.springframework.web.servlet.FrameworkServlet.processRequest(FrameworkServlet.java:1014) ~[spring-webmvc-6.2.0.jar:6.2.0]
	at org.springframework.web.servlet.FrameworkServlet.doGet(FrameworkServlet.java:903) ~[spring-webmvc-6.2.0.jar:6.2.0]
	at jakarta.servlet.http.HttpServlet.service(HttpServlet.java:564) ~[tomcat-embed-core-10.1.33.jar:6.0]
	at org.springframework.web.servlet.FrameworkServlet.service(FrameworkServlet.java:885) ~[spring-webmvc-6.2.0.jar:6.2.0]
	at jakarta.servlet.http.HttpServlet.service(HttpServlet.java:658) ~[tomcat-embed-core-10.1.33.jar:6.0]
	at org.apache.catalina.core.ApplicationFilterChain.internalDoFilter(ApplicationFilterChain.java:195) ~[tomcat-embed-core-10.1.33.jar:10.1.33]
	at org.apache.catalina.core.ApplicationFilterChain.doFilter(ApplicationFilterChain.java:140) ~[tomcat-embed-core-10.1.33.jar:10.1.33]
	at org.apache.tomcat.websocket.server.WsFilter.doFilter(WsFilter.java:51) ~[tomcat-embed-websocket-10.1.33.jar:10.1.33]
	at org.apache.catalina.core.ApplicationFilterChain.internalDoFilter(ApplicationFilterChain.java:164) ~[tomcat-embed-core-10.1.33.jar:10.1.33]
	at org.apache.catalina.core.ApplicationFilterChain.doFilter(ApplicationFilterChain.java:140) ~[tomcat-embed-core-10.1.33.jar:10.1.33]
	at org.springframework.web.filter.OncePerRequestFilter.doFilter(OncePerRequestFilter.java:110) ~[spring-web-6.2.0.jar:6.2.0]
	at org.apache.catalina.core.ApplicationFilterChain.internalDoFilter(ApplicationFilterChain.java:164) ~[tomcat-embed-core-10.1.33.jar:10.1.33]
	at org.apache.catalina.core.ApplicationFilterChain.doFilter(ApplicationFilterChain.java:140) ~[tomcat-embed-core-10.1.33.jar:10.1.33]
	at org.springframework.web.filter.CompositeFilter$VirtualFilterChain.doFilter(CompositeFilter.java:108) ~[spring-web-6.2.0.jar:6.2.0]
	at org.springframework.security.web.FilterChainProxy.lambda$doFilterInternal$3(FilterChainProxy.java:231) ~[spring-security-web-6.4.1.jar:6.4.1]
	at org.springframework.security.web.FilterChainProxy$VirtualFilterChain.doFilter(FilterChainProxy.java:365) ~[spring-security-web-6.4.1.jar:6.4.1]
	at org.springframework.security.web.access.intercept.AuthorizationFilter.doFilter(AuthorizationFilter.java:101) ~[spring-security-web-6.4.1.jar:6.4.1]
	at org.springframework.security.web.FilterChainProxy$VirtualFilterChain.doFilter(FilterChainProxy.java:374) ~[spring-security-web-6.4.1.jar:6.4.1]
	at org.springframework.security.web.access.ExceptionTranslationFilter.doFilter(ExceptionTranslationFilter.java:126) ~[spring-security-web-6.4.1.jar:6.4.1]
	at org.springframework.security.web.access.ExceptionTranslationFilter.doFilter(ExceptionTranslationFilter.java:120) ~[spring-security-web-6.4.1.jar:6.4.1]
	at org.springframework.security.web.FilterChainProxy$VirtualFilterChain.doFilter(FilterChainProxy.java:374) ~[spring-security-web-6.4.1.jar:6.4.1]
	at org.springframework.security.web.session.SessionManagementFilter.doFilter(SessionManagementFilter.java:131) ~[spring-security-web-6.4.1.jar:6.4.1]
	at org.springframework.security.web.session.SessionManagementFilter.doFilter(SessionManagementFilter.java:85) ~[spring-security-web-6.4.1.jar:6.4.1]
	at org.springframework.security.web.FilterChainProxy$VirtualFilterChain.doFilter(FilterChainProxy.java:374) ~[spring-security-web-6.4.1.jar:6.4.1]
	at org.springframework.security.web.authentication.AnonymousAuthenticationFilter.doFilter(AnonymousAuthenticationFilter.java:100) ~[spring-security-web-6.4.1.jar:6.4.1]
	at org.springframework.security.web.FilterChainProxy$VirtualFilterChain.doFilter(FilterChainProxy.java:374) ~[spring-security-web-6.4.1.jar:6.4.1]
	at org.springframework.security.web.servletapi.SecurityContextHolderAwareRequestFilter.doFilter(SecurityContextHolderAwareRequestFilter.java:179) ~[spring-security-web-6.4.1.jar:6.4.1]
	at org.springframework.security.web.FilterChainProxy$VirtualFilterChain.doFilter(FilterChainProxy.java:374) ~[spring-security-web-6.4.1.jar:6.4.1]
	at org.springframework.security.web.savedrequest.RequestCacheAwareFilter.doFilter(RequestCacheAwareFilter.java:63) ~[spring-security-web-6.4.1.jar:6.4.1]
	at org.springframework.security.web.FilterChainProxy$VirtualFilterChain.doFilter(FilterChainProxy.java:374) ~[spring-security-web-6.4.1.jar:6.4.1]
	at com.nexashop.backend.security.JwtAuthenticationFilter.doFilterInternal(JwtAuthenticationFilter.java:65) ~[classes/:na]
	at org.springframework.web.filter.OncePerRequestFilter.doFilter(OncePerRequestFilter.java:116) ~[spring-web-6.2.0.jar:6.2.0]
	at org.springframework.security.web.FilterChainProxy$VirtualFilterChain.doFilter(FilterChainProxy.java:374) ~[spring-security-web-6.4.1.jar:6.4.1]
	at org.springframework.security.web.authentication.logout.LogoutFilter.doFilter(LogoutFilter.java:107) ~[spring-security-web-6.4.1.jar:6.4.1]
	at org.springframework.security.web.authentication.logout.LogoutFilter.doFilter(LogoutFilter.java:93) ~[spring-security-web-6.4.1.jar:6.4.1]
	at org.springframework.security.web.FilterChainProxy$VirtualFilterChain.doFilter(FilterChainProxy.java:374) ~[spring-security-web-6.4.1.jar:6.4.1]
	at org.springframework.web.filter.CorsFilter.doFilterInternal(CorsFilter.java:91) ~[spring-web-6.2.0.jar:6.2.0]
	at org.springframework.web.filter.OncePerRequestFilter.doFilter(OncePerRequestFilter.java:116) ~[spring-web-6.2.0.jar:6.2.0]
	at org.springframework.security.web.FilterChainProxy$VirtualFilterChain.doFilter(FilterChainProxy.java:374) ~[spring-security-web-6.4.1.jar:6.4.1]
	at org.springframework.security.web.header.HeaderWriterFilter.doHeadersAfter(HeaderWriterFilter.java:90) ~[spring-security-web-6.4.1.jar:6.4.1]
	at org.springframework.security.web.header.HeaderWriterFilter.doFilterInternal(HeaderWriterFilter.java:75) ~[spring-security-web-6.4.1.jar:6.4.1]
	at org.springframework.web.filter.OncePerRequestFilter.doFilter(OncePerRequestFilter.java:116) ~[spring-web-6.2.0.jar:6.2.0]
	at org.springframework.security.web.FilterChainProxy$VirtualFilterChain.doFilter(FilterChainProxy.java:374) ~[spring-security-web-6.4.1.jar:6.4.1]
	at org.springframework.security.web.context.SecurityContextHolderFilter.doFilter(SecurityContextHolderFilter.java:82) ~[spring-security-web-6.4.1.jar:6.4.1]
	at org.springframework.security.web.context.SecurityContextHolderFilter.doFilter(SecurityContextHolderFilter.java:69) ~[spring-security-web-6.4.1.jar:6.4.1]
	at org.springframework.security.web.FilterChainProxy$VirtualFilterChain.doFilter(FilterChainProxy.java:374) ~[spring-security-web-6.4.1.jar:6.4.1]
	at org.springframework.security.web.context.request.async.WebAsyncManagerIntegrationFilter.doFilterInternal(WebAsyncManagerIntegrationFilter.java:62) ~[spring-security-web-6.4.1.jar:6.4.1]
	at org.springframework.web.filter.OncePerRequestFilter.doFilter(OncePerRequestFilter.java:116) ~[spring-web-6.2.0.jar:6.2.0]
	at org.springframework.security.web.FilterChainProxy$VirtualFilterChain.doFilter(FilterChainProxy.java:374) ~[spring-security-web-6.4.1.jar:6.4.1]
	at org.springframework.security.web.session.DisableEncodeUrlFilter.doFilterInternal(DisableEncodeUrlFilter.java:42) ~[spring-security-web-6.4.1.jar:6.4.1]
	at org.springframework.web.filter.OncePerRequestFilter.doFilter(OncePerRequestFilter.java:116) ~[spring-web-6.2.0.jar:6.2.0]
	at org.springframework.security.web.FilterChainProxy$VirtualFilterChain.doFilter(FilterChainProxy.java:374) ~[spring-security-web-6.4.1.jar:6.4.1]
	at org.springframework.security.web.FilterChainProxy.doFilterInternal(FilterChainProxy.java:233) ~[spring-security-web-6.4.1.jar:6.4.1]
	at org.springframework.security.web.FilterChainProxy.doFilter(FilterChainProxy.java:191) ~[spring-security-web-6.4.1.jar:6.4.1]
	at org.springframework.web.filter.CompositeFilter$VirtualFilterChain.doFilter(CompositeFilter.java:113) ~[spring-web-6.2.0.jar:6.2.0]
	at org.springframework.web.servlet.handler.HandlerMappingIntrospector.lambda$createCacheFilter$3(HandlerMappingIntrospector.java:243) ~[spring-webmvc-6.2.0.jar:6.2.0]
	at org.springframework.web.filter.CompositeFilter$VirtualFilterChain.doFilter(CompositeFilter.java:113) ~[spring-web-6.2.0.jar:6.2.0]
	at org.springframework.web.filter.CompositeFilter.doFilter(CompositeFilter.java:74) ~[spring-web-6.2.0.jar:6.2.0]
	at org.springframework.security.config.annotation.web.configuration.WebMvcSecurityConfiguration$CompositeFilterChainProxy.doFilter(WebMvcSecurityConfiguration.java:238) ~[spring-security-config-6.4.1.jar:6.4.1]
	at org.springframework.web.filter.DelegatingFilterProxy.invokeDelegate(DelegatingFilterProxy.java:362) ~[spring-web-6.2.0.jar:6.2.0]
	at org.springframework.web.filter.DelegatingFilterProxy.doFilter(DelegatingFilterProxy.java:278) ~[spring-web-6.2.0.jar:6.2.0]
	at org.apache.catalina.core.ApplicationFilterChain.internalDoFilter(ApplicationFilterChain.java:164) ~[tomcat-embed-core-10.1.33.jar:10.1.33]
	at org.apache.catalina.core.ApplicationFilterChain.doFilter(ApplicationFilterChain.java:140) ~[tomcat-embed-core-10.1.33.jar:10.1.33]
	at org.springframework.web.filter.RequestContextFilter.doFilterInternal(RequestContextFilter.java:100) ~[spring-web-6.2.0.jar:6.2.0]
	at org.springframework.web.filter.OncePerRequestFilter.doFilter(OncePerRequestFilter.java:116) ~[spring-web-6.2.0.jar:6.2.0]
	at org.apache.catalina.core.ApplicationFilterChain.internalDoFilter(ApplicationFilterChain.java:164) ~[tomcat-embed-core-10.1.33.jar:10.1.33]
	at org.apache.catalina.core.ApplicationFilterChain.doFilter(ApplicationFilterChain.java:140) ~[tomcat-embed-core-10.1.33.jar:10.1.33]
	at org.springframework.web.filter.FormContentFilter.doFilterInternal(FormContentFilter.java:93) ~[spring-web-6.2.0.jar:6.2.0]
	at org.springframework.web.filter.OncePerRequestFilter.doFilter(OncePerRequestFilter.java:116) ~[spring-web-6.2.0.jar:6.2.0]
	at org.apache.catalina.core.ApplicationFilterChain.internalDoFilter(ApplicationFilterChain.java:164) ~[tomcat-embed-core-10.1.33.jar:10.1.33]
	at org.apache.catalina.core.ApplicationFilterChain.doFilter(ApplicationFilterChain.java:140) ~[tomcat-embed-core-10.1.33.jar:10.1.33]
	at org.springframework.web.filter.CharacterEncodingFilter.doFilterInternal(CharacterEncodingFilter.java:201) ~[spring-web-6.2.0.jar:6.2.0]
	at org.springframework.web.filter.OncePerRequestFilter.doFilter(OncePerRequestFilter.java:116) ~[spring-web-6.2.0.jar:6.2.0]
	at org.apache.catalina.core.ApplicationFilterChain.internalDoFilter(ApplicationFilterChain.java:164) ~[tomcat-embed-core-10.1.33.jar:10.1.33]
	at org.apache.catalina.core.ApplicationFilterChain.doFilter(ApplicationFilterChain.java:140) ~[tomcat-embed-core-10.1.33.jar:10.1.33]
	at org.apache.catalina.core.StandardWrapperValve.invoke(StandardWrapperValve.java:167) ~[tomcat-embed-core-10.1.33.jar:10.1.33]
	at org.apache.catalina.core.StandardContextValve.invoke(StandardContextValve.java:90) ~[tomcat-embed-core-10.1.33.jar:10.1.33]
	at org.apache.catalina.authenticator.AuthenticatorBase.invoke(AuthenticatorBase.java:483) ~[tomcat-embed-core-10.1.33.jar:10.1.33]
	at org.apache.catalina.core.StandardHostValve.invoke(StandardHostValve.java:115) ~[tomcat-embed-core-10.1.33.jar:10.1.33]
	at org.apache.catalina.valves.ErrorReportValve.invoke(ErrorReportValve.java:93) ~[tomcat-embed-core-10.1.33.jar:10.1.33]
	at org.apache.catalina.core.StandardEngineValve.invoke(StandardEngineValve.java:74) ~[tomcat-embed-core-10.1.33.jar:10.1.33]
	at org.apache.catalina.connector.CoyoteAdapter.service(CoyoteAdapter.java:344) ~[tomcat-embed-core-10.1.33.jar:10.1.33]
	at org.apache.coyote.http11.Http11Processor.service(Http11Processor.java:397) ~[tomcat-embed-core-10.1.33.jar:10.1.33]
	at org.apache.coyote.AbstractProcessorLight.process(AbstractProcessorLight.java:63) ~[tomcat-embed-core-10.1.33.jar:10.1.33]
	at org.apache.coyote.AbstractProtocol$ConnectionHandler.process(AbstractProtocol.java:905) ~[tomcat-embed-core-10.1.33.jar:10.1.33]
	at org.apache.tomcat.util.net.NioEndpoint$SocketProcessor.doRun(NioEndpoint.java:1741) ~[tomcat-embed-core-10.1.33.jar:10.1.33]
	at org.apache.tomcat.util.net.SocketProcessorBase.run(SocketProcessorBase.java:52) ~[tomcat-embed-core-10.1.33.jar:10.1.33]
	at org.apache.tomcat.util.threads.ThreadPoolExecutor.runWorker(ThreadPoolExecutor.java:1190) ~[tomcat-embed-core-10.1.33.jar:10.1.33]
	at org.apache.tomcat.util.threads.ThreadPoolExecutor$Worker.run(ThreadPoolExecutor.java:659) ~[tomcat-embed-core-10.1.33.jar:10.1.33]
	at org.apache.tomcat.util.threads.TaskThread$WrappingRunnable.run(TaskThread.java:63) ~[tomcat-embed-core-10.1.33.jar:10.1.33]
	at java.base/java.lang.Thread.run(Thread.java:1447) ~[na:na]

2025-12-07T10:07:41.538+05:30 DEBUG 10820 --- [Nexashop] [http-nio-8080-exec-6] o.s.security.web.FilterChainProxy        : Securing GET /error?limit=5&offset=0
2025-12-07T10:07:41.539+05:30 DEBUG 10820 --- [Nexashop] [http-nio-8080-exec-6] o.s.security.web.FilterChainProxy        : Secured GET /error?limit=5&offset=0
2025-12-07T10:07:41.542+05:30 DEBUG 10820 --- [Nexashop] [http-nio-8080-exec-6] o.s.web.servlet.DispatcherServlet        : "ERROR" dispatch for GET "/error?limit=5&offset=0", parameters={masked}
2025-12-07T10:07:41.544+05:30 DEBUG 10820 --- [Nexashop] [http-nio-8080-exec-6] s.w.s.m.m.a.RequestMappingHandlerMapping : Mapped to org.springframework.boot.autoconfigure.web.servlet.error.BasicErrorController#error(HttpServletRequest)
2025-12-07T10:07:41.557+05:30 DEBUG 10820 --- [Nexashop] [http-nio-8080-exec-6] o.s.w.s.m.m.a.HttpEntityMethodProcessor  : Found 'Content-Type:application/json' in response
2025-12-07T10:07:41.558+05:30 DEBUG 10820 --- [Nexashop] [http-nio-8080-exec-6] o.s.w.s.m.m.a.HttpEntityMethodProcessor  : Writing [{timestamp=Sun Dec 07 10:07:41 IST 2025, status=500, error=Internal Server Error, path=/api/products (truncated)...]
2025-12-07T10:07:41.567+05:30 DEBUG 10820 --- [Nexashop] [http-nio-8080-exec-6] o.s.web.servlet.DispatcherServlet        : Exiting from "ERROR" dispatch, status 500
2025-12-07T10:07:41.569+05:30 DEBUG 10820 --- [Nexashop] [http-nio-8080-exec-6] o.s.s.w.a.AnonymousAuthenticationFilter  : Set SecurityContextHolder to anonymous SecurityContext
2025-12-07T10:07:43.690+05:30 DEBUG 10820 --- [Nexashop] [http-nio-8080-exec-3] o.s.security.web.FilterChainProxy        : Securing OPTIONS /api/auth/logout
2025-12-07T10:07:43.694+05:30 DEBUG 10820 --- [Nexashop] [http-nio-8080-exec-7] o.s.security.web.FilterChainProxy        : Securing POST /api/auth/logout
2025-12-07T10:07:43.702+05:30 DEBUG 10820 --- [Nexashop] [http-nio-8080-exec-7] o.s.security.web.FilterChainProxy        : Secured POST /api/auth/logout
2025-12-07T10:07:43.702+05:30 DEBUG 10820 --- [Nexashop] [http-nio-8080-exec-7] o.s.web.servlet.DispatcherServlet        : POST "/api/auth/logout", parameters={}
2025-12-07T10:07:43.703+05:30 DEBUG 10820 --- [Nexashop] [http-nio-8080-exec-7] s.w.s.m.m.a.RequestMappingHandlerMapping : Mapped to com.nexashop.backend.controller.AuthController#logoutUser()
2025-12-07T10:07:43.709+05:30 DEBUG 10820 --- [Nexashop] [http-nio-8080-exec-7] o.s.w.s.m.m.a.HttpEntityMethodProcessor  : Using 'application/json', given [application/json] and supported [application/json, application/*+json, application/yaml]
2025-12-07T10:07:43.711+05:30 DEBUG 10820 --- [Nexashop] [http-nio-8080-exec-7] o.s.w.s.m.m.a.HttpEntityMethodProcessor  : Writing [{message=Logout successful}]
2025-12-07T10:07:43.716+05:30 DEBUG 10820 --- [Nexashop] [http-nio-8080-exec-7] o.s.web.servlet.DispatcherServlet        : Completed 200 OK
2025-12-07T10:07:47.854+05:30 DEBUG 10820 --- [Nexashop] [http-nio-8080-exec-8] o.s.security.web.FilterChainProxy        : Securing OPTIONS /api/admin/login
2025-12-07T10:07:47.857+05:30 DEBUG 10820 --- [Nexashop] [http-nio-8080-exec-9] o.s.security.web.FilterChainProxy        : Securing POST /api/admin/login
2025-12-07T10:07:47.859+05:30 DEBUG 10820 --- [Nexashop] [http-nio-8080-exec-9] o.s.s.w.a.AnonymousAuthenticationFilter  : Set SecurityContextHolder to anonymous SecurityContext
2025-12-07T10:07:47.860+05:30 DEBUG 10820 --- [Nexashop] [http-nio-8080-exec-9] o.s.security.web.FilterChainProxy        : Secured POST /api/admin/login
2025-12-07T10:07:47.860+05:30 DEBUG 10820 --- [Nexashop] [http-nio-8080-exec-9] o.s.web.servlet.DispatcherServlet        : POST "/api/admin/login", parameters={}
2025-12-07T10:07:47.861+05:30 DEBUG 10820 --- [Nexashop] [http-nio-8080-exec-9] s.w.s.m.m.a.RequestMappingHandlerMapping : Mapped to com.nexashop.backend.controller.AdminController#loginAdmin(AdminLoginRequest)
2025-12-07T10:07:47.947+05:30 DEBUG 10820 --- [Nexashop] [http-nio-8080-exec-9] m.m.a.RequestResponseBodyMethodProcessor : Read "application/json;charset=UTF-8" to [com.nexashop.backend.dto.AdminLoginRequest@4bef0e2e]
2025-12-07T10:07:47.963+05:30 DEBUG 10820 --- [Nexashop] [http-nio-8080-exec-9] o.s.w.s.m.m.a.HttpEntityMethodProcessor  : Using 'application/json', given [application/json] and supported [text/plain, */*, application/json, application/*+json, application/yaml]
2025-12-07T10:07:47.965+05:30 DEBUG 10820 --- [Nexashop] [http-nio-8080-exec-9] o.s.w.s.m.m.a.HttpEntityMethodProcessor  : Writing ["Invalid Credentials"]
2025-12-07T10:07:47.971+05:30 DEBUG 10820 --- [Nexashop] [http-nio-8080-exec-9] o.s.web.servlet.DispatcherServlet        : Completed 401 UNAUTHORIZED
2025-12-07T10:07:51.435+05:30 DEBUG 10820 --- [Nexashop] [http-nio-8080-exec-10] o.s.security.web.FilterChainProxy        : Securing POST /api/admin/login
2025-12-07T10:07:51.436+05:30 DEBUG 10820 --- [Nexashop] [http-nio-8080-exec-10] o.s.s.w.a.AnonymousAuthenticationFilter  : Set SecurityContextHolder to anonymous SecurityContext
2025-12-07T10:07:51.437+05:30 DEBUG 10820 --- [Nexashop] [http-nio-8080-exec-10] o.s.security.web.FilterChainProxy        : Secured POST /api/admin/login
2025-12-07T10:07:51.437+05:30 DEBUG 10820 --- [Nexashop] [http-nio-8080-exec-10] o.s.web.servlet.DispatcherServlet        : POST "/api/admin/login", parameters={}
2025-12-07T10:07:51.438+05:30 DEBUG 10820 --- [Nexashop] [http-nio-8080-exec-10] s.w.s.m.m.a.RequestMappingHandlerMapping : Mapped to com.nexashop.backend.controller.AdminController#loginAdmin(AdminLoginRequest)
2025-12-07T10:07:51.438+05:30 DEBUG 10820 --- [Nexashop] [http-nio-8080-exec-10] m.m.a.RequestResponseBodyMethodProcessor : Read "application/json;charset=UTF-8" to [com.nexashop.backend.dto.AdminLoginRequest@54f1b5c]
2025-12-07T10:07:51.439+05:30 DEBUG 10820 --- [Nexashop] [http-nio-8080-exec-10] o.s.w.s.m.m.a.HttpEntityMethodProcessor  : Using 'application/json', given [application/json] and supported [text/plain, */*, application/json, application/*+json, application/yaml]
2025-12-07T10:07:51.439+05:30 DEBUG 10820 --- [Nexashop] [http-nio-8080-exec-10] o.s.w.s.m.m.a.HttpEntityMethodProcessor  : Writing ["Invalid Credentials"]
2025-12-07T10:07:51.440+05:30 DEBUG 10820 --- [Nexashop] [http-nio-8080-exec-10] o.s.web.servlet.DispatcherServlet        : Completed 401 UNAUTHORIZED
2025-12-07T10:07:57.346+05:30 DEBUG 10820 --- [Nexashop] [http-nio-8080-exec-1] o.s.security.web.FilterChainProxy        : Securing OPTIONS /api/admin/login
2025-12-07T10:07:57.349+05:30 DEBUG 10820 --- [Nexashop] [http-nio-8080-exec-4] o.s.security.web.FilterChainProxy        : Securing POST /api/admin/login
2025-12-07T10:07:57.351+05:30 DEBUG 10820 --- [Nexashop] [http-nio-8080-exec-4] o.s.s.w.a.AnonymousAuthenticationFilter  : Set SecurityContextHolder to anonymous SecurityContext
2025-12-07T10:07:57.351+05:30 DEBUG 10820 --- [Nexashop] [http-nio-8080-exec-4] o.s.security.web.FilterChainProxy        : Secured POST /api/admin/login
2025-12-07T10:07:57.352+05:30 DEBUG 10820 --- [Nexashop] [http-nio-8080-exec-4] o.s.web.servlet.DispatcherServlet        : POST "/api/admin/login", parameters={}
2025-12-07T10:07:57.352+05:30 DEBUG 10820 --- [Nexashop] [http-nio-8080-exec-4] s.w.s.m.m.a.RequestMappingHandlerMapping : Mapped to com.nexashop.backend.controller.AdminController#loginAdmin(AdminLoginRequest)
2025-12-07T10:07:57.354+05:30 DEBUG 10820 --- [Nexashop] [http-nio-8080-exec-4] m.m.a.RequestResponseBodyMethodProcessor : Read "application/json;charset=UTF-8" to [com.nexashop.backend.dto.AdminLoginRequest@6be7913a]
2025-12-07T10:07:57.355+05:30 DEBUG 10820 --- [Nexashop] [http-nio-8080-exec-4] o.s.w.s.m.m.a.HttpEntityMethodProcessor  : Using 'application/json', given [application/json] and supported [text/plain, */*, application/json, application/*+json, application/yaml]
2025-12-07T10:07:57.355+05:30 DEBUG 10820 --- [Nexashop] [http-nio-8080-exec-4] o.s.w.s.m.m.a.HttpEntityMethodProcessor  : Writing ["Invalid Credentials"]
2025-12-07T10:07:57.356+05:30 DEBUG 10820 --- [Nexashop] [http-nio-8080-exec-4] o.s.web.servlet.DispatcherServlet        : Completed 401 UNAUTHORIZED
2025-12-07T10:07:58.931+05:30 DEBUG 10820 --- [Nexashop] [http-nio-8080-exec-6] o.s.security.web.FilterChainProxy        : Securing POST /api/admin/login
2025-12-07T10:07:58.932+05:30 DEBUG 10820 --- [Nexashop] [http-nio-8080-exec-6] o.s.s.w.a.AnonymousAuthenticationFilter  : Set SecurityContextHolder to anonymous SecurityContext
2025-12-07T10:07:58.933+05:30 DEBUG 10820 --- [Nexashop] [http-nio-8080-exec-6] o.s.security.web.FilterChainProxy        : Secured POST /api/admin/login
2025-12-07T10:07:58.933+05:30 DEBUG 10820 --- [Nexashop] [http-nio-8080-exec-6] o.s.web.servlet.DispatcherServlet        : POST "/api/admin/login", parameters={}
2025-12-07T10:07:58.933+05:30 DEBUG 10820 --- [Nexashop] [http-nio-8080-exec-6] s.w.s.m.m.a.RequestMappingHandlerMapping : Mapped to com.nexashop.backend.controller.AdminController#loginAdmin(AdminLoginRequest)
2025-12-07T10:07:58.934+05:30 DEBUG 10820 --- [Nexashop] [http-nio-8080-exec-6] m.m.a.RequestResponseBodyMethodProcessor : Read "application/json;charset=UTF-8" to [com.nexashop.backend.dto.AdminLoginRequest@7909d95a]
2025-12-07T10:07:58.934+05:30 DEBUG 10820 --- [Nexashop] [http-nio-8080-exec-6] o.s.w.s.m.m.a.HttpEntityMethodProcessor  : Using 'application/json', given [application/json] and supported [text/plain, */*, application/json, application/*+json, application/yaml]
2025-12-07T10:07:58.935+05:30 DEBUG 10820 --- [Nexashop] [http-nio-8080-exec-6] o.s.w.s.m.m.a.HttpEntityMethodProcessor  : Writing ["Invalid Credentials"]
2025-12-07T10:07:58.935+05:30 DEBUG 10820 --- [Nexashop] [http-nio-8080-exec-6] o.s.web.servlet.DispatcherServlet        : Completed 401 UNAUTHORIZED
2025-12-07T10:08:05.229+05:30 DEBUG 10820 --- [Nexashop] [http-nio-8080-exec-3] o.s.security.web.FilterChainProxy        : Securing OPTIONS /api/admin/login
2025-12-07T10:08:05.231+05:30 DEBUG 10820 --- [Nexashop] [http-nio-8080-exec-7] o.s.security.web.FilterChainProxy        : Securing POST /api/admin/login
2025-12-07T10:08:05.232+05:30 DEBUG 10820 --- [Nexashop] [http-nio-8080-exec-7] o.s.s.w.a.AnonymousAuthenticationFilter  : Set SecurityContextHolder to anonymous SecurityContext
2025-12-07T10:08:05.233+05:30 DEBUG 10820 --- [Nexashop] [http-nio-8080-exec-7] o.s.security.web.FilterChainProxy        : Secured POST /api/admin/login
2025-12-07T10:08:05.234+05:30 DEBUG 10820 --- [Nexashop] [http-nio-8080-exec-7] o.s.web.servlet.DispatcherServlet        : POST "/api/admin/login", parameters={}
2025-12-07T10:08:05.234+05:30 DEBUG 10820 --- [Nexashop] [http-nio-8080-exec-7] s.w.s.m.m.a.RequestMappingHandlerMapping : Mapped to com.nexashop.backend.controller.AdminController#loginAdmin(AdminLoginRequest)
2025-12-07T10:08:05.236+05:30 DEBUG 10820 --- [Nexashop] [http-nio-8080-exec-7] m.m.a.RequestResponseBodyMethodProcessor : Read "application/json;charset=UTF-8" to [com.nexashop.backend.dto.AdminLoginRequest@752b834d]
2025-12-07T10:08:05.362+05:30 DEBUG 10820 --- [Nexashop] [http-nio-8080-exec-7] o.s.w.s.m.m.a.HttpEntityMethodProcessor  : Using 'application/json', given [application/json] and supported [application/json, application/*+json, application/yaml]
2025-12-07T10:08:05.364+05:30 DEBUG 10820 --- [Nexashop] [http-nio-8080-exec-7] o.s.w.s.m.m.a.HttpEntityMethodProcessor  : Writing [com.nexashop.backend.dto.LoginResponse@481ff28]
2025-12-07T10:08:05.366+05:30 DEBUG 10820 --- [Nexashop] [http-nio-8080-exec-7] o.s.web.servlet.DispatcherServlet        : Completed 200 OK
2025-12-07T10:08:05.559+05:30 DEBUG 10820 --- [Nexashop] [http-nio-8080-exec-8] o.s.security.web.FilterChainProxy        : Securing OPTIONS /api/admin/sellers
2025-12-07T10:08:05.562+05:30 DEBUG 10820 --- [Nexashop] [http-nio-8080-exec-9] o.s.security.web.FilterChainProxy        : Securing GET /api/admin/sellers
2025-12-07T10:08:05.567+05:30 DEBUG 10820 --- [Nexashop] [http-nio-8080-exec-9] o.s.security.web.FilterChainProxy        : Secured GET /api/admin/sellers
2025-12-07T10:08:05.568+05:30 DEBUG 10820 --- [Nexashop] [http-nio-8080-exec-9] o.s.web.servlet.DispatcherServlet        : GET "/api/admin/sellers", parameters={}
2025-12-07T10:08:05.569+05:30 DEBUG 10820 --- [Nexashop] [http-nio-8080-exec-9] s.w.s.m.m.a.RequestMappingHandlerMapping : Mapped to com.nexashop.backend.controller.AdminController#getAllSellers()
2025-12-07T10:08:05.577+05:30 DEBUG 10820 --- [Nexashop] [http-nio-8080-exec-9] o.s.w.s.m.m.a.HttpEntityMethodProcessor  : Using 'application/json', given [application/json] and supported [application/json, application/*+json, application/yaml]
2025-12-07T10:08:05.578+05:30 DEBUG 10820 --- [Nexashop] [http-nio-8080-exec-9] o.s.w.s.m.m.a.HttpEntityMethodProcessor  : Writing [[com.nexashop.backend.entity.Seller@a7bede9]]
2025-12-07T10:08:05.584+05:30 DEBUG 10820 --- [Nexashop] [http-nio-8080-exec-9] o.s.web.servlet.DispatcherServlet        : Completed 200 OK
2025-12-07T10:08:33.884+05:30 DEBUG 10820 --- [Nexashop] [http-nio-8080-exec-2] o.s.security.web.FilterChainProxy        : Securing OPTIONS /api/admin/sellers
2025-12-07T10:08:33.887+05:30 DEBUG 10820 --- [Nexashop] [http-nio-8080-exec-1] o.s.security.web.FilterChainProxy        : Securing GET /api/admin/sellers
2025-12-07T10:08:33.907+05:30 DEBUG 10820 --- [Nexashop] [http-nio-8080-exec-1] o.s.security.web.FilterChainProxy        : Secured GET /api/admin/sellers
2025-12-07T10:08:33.908+05:30 DEBUG 10820 --- [Nexashop] [http-nio-8080-exec-1] o.s.web.servlet.DispatcherServlet        : GET "/api/admin/sellers", parameters={}
2025-12-07T10:08:33.909+05:30 DEBUG 10820 --- [Nexashop] [http-nio-8080-exec-1] s.w.s.m.m.a.RequestMappingHandlerMapping : Mapped to com.nexashop.backend.controller.AdminController#getAllSellers()
2025-12-07T10:08:33.967+05:30 DEBUG 10820 --- [Nexashop] [http-nio-8080-exec-1] o.s.w.s.m.m.a.HttpEntityMethodProcessor  : Using 'application/json', given [application/json] and supported [application/json, application/*+json, application/yaml]
2025-12-07T10:08:33.972+05:30 DEBUG 10820 --- [Nexashop] [http-nio-8080-exec-1] o.s.w.s.m.m.a.HttpEntityMethodProcessor  : Writing [[com.nexashop.backend.entity.Seller@2fe3c092]]
2025-12-07T10:08:33.977+05:30 DEBUG 10820 --- [Nexashop] [http-nio-8080-exec-1] o.s.web.servlet.DispatcherServlet        : Completed 200 OK
2025-12-07T10:08:35.568+05:30 DEBUG 10820 --- [Nexashop] [http-nio-8080-exec-4] o.s.security.web.FilterChainProxy        : Securing OPTIONS /api/admin/update-status
2025-12-07T10:08:35.572+05:30 DEBUG 10820 --- [Nexashop] [http-nio-8080-exec-6] o.s.security.web.FilterChainProxy        : Securing PUT /api/admin/update-status
2025-12-07T10:08:35.579+05:30 DEBUG 10820 --- [Nexashop] [http-nio-8080-exec-6] o.s.security.web.FilterChainProxy        : Secured PUT /api/admin/update-status
2025-12-07T10:08:35.579+05:30 DEBUG 10820 --- [Nexashop] [http-nio-8080-exec-6] o.s.web.servlet.DispatcherServlet        : PUT "/api/admin/update-status", parameters={}
2025-12-07T10:08:35.580+05:30 DEBUG 10820 --- [Nexashop] [http-nio-8080-exec-6] s.w.s.m.m.a.RequestMappingHandlerMapping : Mapped to com.nexashop.backend.controller.AdminController#updateSellerStatus(UpdateSellerStatusRequest)
2025-12-07T10:08:35.587+05:30 DEBUG 10820 --- [Nexashop] [http-nio-8080-exec-6] m.m.a.RequestResponseBodyMethodProcessor : Read "application/json;charset=UTF-8" to [com.nexashop.backend.dto.UpdateSellerStatusRequest@143ec7c2]
2025-12-07T10:08:41.480+05:30 DEBUG 10820 --- [Nexashop] [http-nio-8080-exec-6] o.s.w.s.m.m.a.HttpEntityMethodProcessor  : Using 'application/json', given [application/json] and supported [application/json, application/*+json, application/yaml]
2025-12-07T10:08:41.481+05:30 DEBUG 10820 --- [Nexashop] [http-nio-8080-exec-6] o.s.w.s.m.m.a.HttpEntityMethodProcessor  : Writing [com.nexashop.backend.entity.Seller@33c33484]
2025-12-07T10:08:41.482+05:30 DEBUG 10820 --- [Nexashop] [http-nio-8080-exec-6] o.s.web.servlet.DispatcherServlet        : Completed 200 OK
2025-12-07T10:08:41.496+05:30 DEBUG 10820 --- [Nexashop] [http-nio-8080-exec-5] o.s.security.web.FilterChainProxy        : Securing OPTIONS /api/admin/sellers
2025-12-07T10:08:41.500+05:30 DEBUG 10820 --- [Nexashop] [http-nio-8080-exec-3] o.s.security.web.FilterChainProxy        : Securing GET /api/admin/sellers
2025-12-07T10:08:41.522+05:30 DEBUG 10820 --- [Nexashop] [http-nio-8080-exec-3] o.s.security.web.FilterChainProxy        : Secured GET /api/admin/sellers
2025-12-07T10:08:41.533+05:30 DEBUG 10820 --- [Nexashop] [http-nio-8080-exec-3] o.s.web.servlet.DispatcherServlet        : GET "/api/admin/sellers", parameters={}
2025-12-07T10:08:41.545+05:30 DEBUG 10820 --- [Nexashop] [http-nio-8080-exec-3] s.w.s.m.m.a.RequestMappingHandlerMapping : Mapped to com.nexashop.backend.controller.AdminController#getAllSellers()
2025-12-07T10:08:41.570+05:30 DEBUG 10820 --- [Nexashop] [http-nio-8080-exec-3] o.s.w.s.m.m.a.HttpEntityMethodProcessor  : Using 'application/json', given [application/json] and supported [application/json, application/*+json, application/yaml]
2025-12-07T10:08:41.641+05:30 DEBUG 10820 --- [Nexashop] [http-nio-8080-exec-3] o.s.w.s.m.m.a.HttpEntityMethodProcessor  : Writing [[com.nexashop.backend.entity.Seller@4c10292f]]
2025-12-07T10:08:41.645+05:30 DEBUG 10820 --- [Nexashop] [http-nio-8080-exec-3] o.s.web.servlet.DispatcherServlet        : Completed 200 OK
2025-12-07T10:09:02.927+05:30 DEBUG 10820 --- [Nexashop] [http-nio-8080-exec-8] o.s.security.web.FilterChainProxy        : Securing OPTIONS /api/sellers/login
2025-12-07T10:09:02.930+05:30 DEBUG 10820 --- [Nexashop] [http-nio-8080-exec-9] o.s.security.web.FilterChainProxy        : Securing POST /api/sellers/login
2025-12-07T10:09:02.938+05:30 DEBUG 10820 --- [Nexashop] [http-nio-8080-exec-9] o.s.security.web.FilterChainProxy        : Secured POST /api/sellers/login
2025-12-07T10:09:02.938+05:30 DEBUG 10820 --- [Nexashop] [http-nio-8080-exec-9] o.s.web.servlet.DispatcherServlet        : POST "/api/sellers/login", parameters={}
2025-12-07T10:09:02.939+05:30 DEBUG 10820 --- [Nexashop] [http-nio-8080-exec-9] s.w.s.m.m.a.RequestMappingHandlerMapping : Mapped to com.nexashop.backend.controller.SellerController#loginSeller(SellerLoginRequest)
2025-12-07T10:09:02.942+05:30 DEBUG 10820 --- [Nexashop] [http-nio-8080-exec-9] m.m.a.RequestResponseBodyMethodProcessor : Read "application/json;charset=UTF-8" to [com.nexashop.backend.dto.SellerLoginRequest@163e9908]
2025-12-07T10:09:03.096+05:30 DEBUG 10820 --- [Nexashop] [http-nio-8080-exec-9] o.s.w.s.m.m.a.HttpEntityMethodProcessor  : Using 'application/json', given [application/json] and supported [application/json, application/*+json, application/yaml]
2025-12-07T10:09:03.096+05:30 DEBUG 10820 --- [Nexashop] [http-nio-8080-exec-9] o.s.w.s.m.m.a.HttpEntityMethodProcessor  : Writing [com.nexashop.backend.dto.LoginResponse@451c6a44]
2025-12-07T10:09:03.097+05:30 DEBUG 10820 --- [Nexashop] [http-nio-8080-exec-9] o.s.web.servlet.DispatcherServlet        : Completed 200 OK
2025-12-07T10:09:03.279+05:30 DEBUG 10820 --- [Nexashop] [http-nio-8080-exec-10] o.s.security.web.FilterChainProxy        : Securing OPTIONS /api/products/seller?limit=5&offset=0
2025-12-07T10:09:03.279+05:30 DEBUG 10820 --- [Nexashop] [http-nio-8080-exec-2] o.s.security.web.FilterChainProxy        : Securing OPTIONS /api/categories
2025-12-07T10:09:03.281+05:30 DEBUG 10820 --- [Nexashop] [http-nio-8080-exec-1] o.s.security.web.FilterChainProxy        : Securing GET /api/products/seller?limit=5&offset=0
2025-12-07T10:09:03.281+05:30 DEBUG 10820 --- [Nexashop] [http-nio-8080-exec-4] o.s.security.web.FilterChainProxy        : Securing GET /api/categories
2025-12-07T10:09:03.286+05:30 DEBUG 10820 --- [Nexashop] [http-nio-8080-exec-4] o.s.security.web.FilterChainProxy        : Secured GET /api/categories
2025-12-07T10:09:03.286+05:30 DEBUG 10820 --- [Nexashop] [http-nio-8080-exec-1] o.s.security.web.FilterChainProxy        : Secured GET /api/products/seller?limit=5&offset=0
2025-12-07T10:09:03.286+05:30 DEBUG 10820 --- [Nexashop] [http-nio-8080-exec-4] o.s.web.servlet.DispatcherServlet        : GET "/api/categories", parameters={}
2025-12-07T10:09:03.287+05:30 DEBUG 10820 --- [Nexashop] [http-nio-8080-exec-1] o.s.web.servlet.DispatcherServlet        : GET "/api/products/seller?limit=5&offset=0", parameters={masked}
2025-12-07T10:09:03.287+05:30 DEBUG 10820 --- [Nexashop] [http-nio-8080-exec-4] s.w.s.m.m.a.RequestMappingHandlerMapping : Mapped to com.nexashop.backend.controller.CategoryController#getAllCategories()
2025-12-07T10:09:03.287+05:30 DEBUG 10820 --- [Nexashop] [http-nio-8080-exec-1] s.w.s.m.m.a.RequestMappingHandlerMapping : Mapped to com.nexashop.backend.controller.ProductController#getSellerProducts(String, String, String, int, int)
2025-12-07T10:09:03.291+05:30 DEBUG 10820 --- [Nexashop] [http-nio-8080-exec-4] o.s.w.s.m.m.a.HttpEntityMethodProcessor  : Using 'application/json', given [application/json] and supported [application/json, application/*+json, application/yaml]
2025-12-07T10:09:03.291+05:30 DEBUG 10820 --- [Nexashop] [http-nio-8080-exec-4] o.s.w.s.m.m.a.HttpEntityMethodProcessor  : Writing [[com.nexashop.backend.entity.Category@1d6294c4, com.nexashop.backend.entity.Category@7625beb6, com.n (truncated)...]
2025-12-07T10:09:03.292+05:30 DEBUG 10820 --- [Nexashop] [http-nio-8080-exec-4] o.s.web.servlet.DispatcherServlet        : Completed 200 OK
2025-12-07T10:09:03.301+05:30 DEBUG 10820 --- [Nexashop] [http-nio-8080-exec-1] o.s.w.s.m.m.a.HttpEntityMethodProcessor  : Using 'application/json', given [application/json] and supported [application/json, application/*+json, application/yaml]
2025-12-07T10:09:03.302+05:30 DEBUG 10820 --- [Nexashop] [http-nio-8080-exec-1] o.s.w.s.m.m.a.HttpEntityMethodProcessor  : Writing [{total=24, pageSize=5, page=1, products=[com.nexashop.backend.entity.Product@769a15a2, com.nexashop. (truncated)...]
2025-12-07T10:09:03.306+05:30 DEBUG 10820 --- [Nexashop] [http-nio-8080-exec-1] o.s.web.servlet.DispatcherServlet        : Failed to complete request: org.springframework.http.converter.HttpMessageConversionException: Type definition error: [simple type, class org.hibernate.proxy.pojo.bytebuddy.ByteBuddyInterceptor]
2025-12-07T10:09:03.308+05:30 ERROR 10820 --- [Nexashop] [http-nio-8080-exec-1] o.a.c.c.C.[.[.[/].[dispatcherServlet]    : Servlet.service() for servlet [dispatcherServlet] in context with path [] threw exception [Request processing failed: org.springframework.http.converter.HttpMessageConversionException: Type definition error: [simple type, class org.hibernate.proxy.pojo.bytebuddy.ByteBuddyInterceptor]] with root cause

com.fasterxml.jackson.databind.exc.InvalidDefinitionException: No serializer found for class org.hibernate.proxy.pojo.bytebuddy.ByteBuddyInterceptor and no properties discovered to create BeanSerializer (to avoid exception, disable SerializationFeature.FAIL_ON_EMPTY_BEANS) (through reference chain: java.util.HashMap["products"]->java.util.ArrayList$SubList[0]->com.nexashop.backend.entity.Product["category"]->com.nexashop.backend.entity.Category$HibernateProxy$yroZAonG["hibernateLazyInitializer"])
	at com.fasterxml.jackson.databind.exc.InvalidDefinitionException.from(InvalidDefinitionException.java:77) ~[jackson-databind-2.18.1.jar:2.18.1]
	at com.fasterxml.jackson.databind.SerializerProvider.reportBadDefinition(SerializerProvider.java:1328) ~[jackson-databind-2.18.1.jar:2.18.1]
	at com.fasterxml.jackson.databind.DatabindContext.reportBadDefinition(DatabindContext.java:414) ~[jackson-databind-2.18.1.jar:2.18.1]
	at com.fasterxml.jackson.databind.ser.impl.UnknownSerializer.failForEmpty(UnknownSerializer.java:53) ~[jackson-databind-2.18.1.jar:2.18.1]
	at com.fasterxml.jackson.databind.ser.impl.UnknownSerializer.serialize(UnknownSerializer.java:30) ~[jackson-databind-2.18.1.jar:2.18.1]
	at com.fasterxml.jackson.databind.ser.BeanPropertyWriter.serializeAsField(BeanPropertyWriter.java:732) ~[jackson-databind-2.18.1.jar:2.18.1]
	at com.fasterxml.jackson.databind.ser.std.BeanSerializerBase.serializeFields(BeanSerializerBase.java:770) ~[jackson-databind-2.18.1.jar:2.18.1]
	at com.fasterxml.jackson.databind.ser.BeanSerializer.serialize(BeanSerializer.java:184) ~[jackson-databind-2.18.1.jar:2.18.1]
	at com.fasterxml.jackson.databind.ser.BeanPropertyWriter.serializeAsField(BeanPropertyWriter.java:732) ~[jackson-databind-2.18.1.jar:2.18.1]
	at com.fasterxml.jackson.databind.ser.std.BeanSerializerBase.serializeFields(BeanSerializerBase.java:770) ~[jackson-databind-2.18.1.jar:2.18.1]
	at com.fasterxml.jackson.databind.ser.BeanSerializer.serialize(BeanSerializer.java:184) ~[jackson-databind-2.18.1.jar:2.18.1]
	at com.fasterxml.jackson.databind.ser.impl.IndexedListSerializer.serializeContents(IndexedListSerializer.java:119) ~[jackson-databind-2.18.1.jar:2.18.1]
	at com.fasterxml.jackson.databind.ser.impl.IndexedListSerializer.serialize(IndexedListSerializer.java:79) ~[jackson-databind-2.18.1.jar:2.18.1]
	at com.fasterxml.jackson.databind.ser.impl.IndexedListSerializer.serialize(IndexedListSerializer.java:18) ~[jackson-databind-2.18.1.jar:2.18.1]
	at com.fasterxml.jackson.databind.ser.std.MapSerializer.serializeFields(MapSerializer.java:808) ~[jackson-databind-2.18.1.jar:2.18.1]
	at com.fasterxml.jackson.databind.ser.std.MapSerializer.serializeWithoutTypeInfo(MapSerializer.java:764) ~[jackson-databind-2.18.1.jar:2.18.1]
	at com.fasterxml.jackson.databind.ser.std.MapSerializer.serialize(MapSerializer.java:720) ~[jackson-databind-2.18.1.jar:2.18.1]
	at com.fasterxml.jackson.databind.ser.std.MapSerializer.serialize(MapSerializer.java:35) ~[jackson-databind-2.18.1.jar:2.18.1]
	at com.fasterxml.jackson.databind.ser.DefaultSerializerProvider._serialize(DefaultSerializerProvider.java:502) ~[jackson-databind-2.18.1.jar:2.18.1]
	at com.fasterxml.jackson.databind.ser.DefaultSerializerProvider.serializeValue(DefaultSerializerProvider.java:422) ~[jackson-databind-2.18.1.jar:2.18.1]
	at com.fasterxml.jackson.databind.ObjectWriter$Prefetch.serialize(ObjectWriter.java:1579) ~[jackson-databind-2.18.1.jar:2.18.1]
	at com.fasterxml.jackson.databind.ObjectWriter.writeValue(ObjectWriter.java:1061) ~[jackson-databind-2.18.1.jar:2.18.1]
	at org.springframework.http.converter.json.AbstractJackson2HttpMessageConverter.writeInternal(AbstractJackson2HttpMessageConverter.java:486) ~[spring-web-6.2.0.jar:6.2.0]
	at org.springframework.http.converter.AbstractGenericHttpMessageConverter.write(AbstractGenericHttpMessageConverter.java:126) ~[spring-web-6.2.0.jar:6.2.0]
	at org.springframework.web.servlet.mvc.method.annotation.AbstractMessageConverterMethodProcessor.writeWithMessageConverters(AbstractMessageConverterMethodProcessor.java:345) ~[spring-webmvc-6.2.0.jar:6.2.0]
	at org.springframework.web.servlet.mvc.method.annotation.HttpEntityMethodProcessor.handleReturnValue(HttpEntityMethodProcessor.java:261) ~[spring-webmvc-6.2.0.jar:6.2.0]
	at org.springframework.web.method.support.HandlerMethodReturnValueHandlerComposite.handleReturnValue(HandlerMethodReturnValueHandlerComposite.java:78) ~[spring-web-6.2.0.jar:6.2.0]
	at org.springframework.web.servlet.mvc.method.annotation.ServletInvocableHandlerMethod.invokeAndHandle(ServletInvocableHandlerMethod.java:136) ~[spring-webmvc-6.2.0.jar:6.2.0]
	at org.springframework.web.servlet.mvc.method.annotation.RequestMappingHandlerAdapter.invokeHandlerMethod(RequestMappingHandlerAdapter.java:986) ~[spring-webmvc-6.2.0.jar:6.2.0]
	at org.springframework.web.servlet.mvc.method.annotation.RequestMappingHandlerAdapter.handleInternal(RequestMappingHandlerAdapter.java:891) ~[spring-webmvc-6.2.0.jar:6.2.0]
	at org.springframework.web.servlet.mvc.method.AbstractHandlerMethodAdapter.handle(AbstractHandlerMethodAdapter.java:87) ~[spring-webmvc-6.2.0.jar:6.2.0]
	at org.springframework.web.servlet.DispatcherServlet.doDispatch(DispatcherServlet.java:1088) ~[spring-webmvc-6.2.0.jar:6.2.0]
	at org.springframework.web.servlet.DispatcherServlet.doService(DispatcherServlet.java:978) ~[spring-webmvc-6.2.0.jar:6.2.0]
	at org.springframework.web.servlet.FrameworkServlet.processRequest(FrameworkServlet.java:1014) ~[spring-webmvc-6.2.0.jar:6.2.0]
	at org.springframework.web.servlet.FrameworkServlet.doGet(FrameworkServlet.java:903) ~[spring-webmvc-6.2.0.jar:6.2.0]
	at jakarta.servlet.http.HttpServlet.service(HttpServlet.java:564) ~[tomcat-embed-core-10.1.33.jar:6.0]
	at org.springframework.web.servlet.FrameworkServlet.service(FrameworkServlet.java:885) ~[spring-webmvc-6.2.0.jar:6.2.0]
	at jakarta.servlet.http.HttpServlet.service(HttpServlet.java:658) ~[tomcat-embed-core-10.1.33.jar:6.0]
	at org.apache.catalina.core.ApplicationFilterChain.internalDoFilter(ApplicationFilterChain.java:195) ~[tomcat-embed-core-10.1.33.jar:10.1.33]
	at org.apache.catalina.core.ApplicationFilterChain.doFilter(ApplicationFilterChain.java:140) ~[tomcat-embed-core-10.1.33.jar:10.1.33]
	at org.apache.tomcat.websocket.server.WsFilter.doFilter(WsFilter.java:51) ~[tomcat-embed-websocket-10.1.33.jar:10.1.33]
	at org.apache.catalina.core.ApplicationFilterChain.internalDoFilter(ApplicationFilterChain.java:164) ~[tomcat-embed-core-10.1.33.jar:10.1.33]
	at org.apache.catalina.core.ApplicationFilterChain.doFilter(ApplicationFilterChain.java:140) ~[tomcat-embed-core-10.1.33.jar:10.1.33]
	at org.springframework.web.filter.OncePerRequestFilter.doFilter(OncePerRequestFilter.java:110) ~[spring-web-6.2.0.jar:6.2.0]
	at org.apache.catalina.core.ApplicationFilterChain.internalDoFilter(ApplicationFilterChain.java:164) ~[tomcat-embed-core-10.1.33.jar:10.1.33]
	at org.apache.catalina.core.ApplicationFilterChain.doFilter(ApplicationFilterChain.java:140) ~[tomcat-embed-core-10.1.33.jar:10.1.33]
	at org.springframework.web.filter.CompositeFilter$VirtualFilterChain.doFilter(CompositeFilter.java:108) ~[spring-web-6.2.0.jar:6.2.0]
	at org.springframework.security.web.FilterChainProxy.lambda$doFilterInternal$3(FilterChainProxy.java:231) ~[spring-security-web-6.4.1.jar:6.4.1]
	at org.springframework.security.web.FilterChainProxy$VirtualFilterChain.doFilter(FilterChainProxy.java:365) ~[spring-security-web-6.4.1.jar:6.4.1]
	at org.springframework.security.web.access.intercept.AuthorizationFilter.doFilter(AuthorizationFilter.java:101) ~[spring-security-web-6.4.1.jar:6.4.1]
	at org.springframework.security.web.FilterChainProxy$VirtualFilterChain.doFilter(FilterChainProxy.java:374) ~[spring-security-web-6.4.1.jar:6.4.1]
	at org.springframework.security.web.access.ExceptionTranslationFilter.doFilter(ExceptionTranslationFilter.java:126) ~[spring-security-web-6.4.1.jar:6.4.1]
	at org.springframework.security.web.access.ExceptionTranslationFilter.doFilter(ExceptionTranslationFilter.java:120) ~[spring-security-web-6.4.1.jar:6.4.1]
	at org.springframework.security.web.FilterChainProxy$VirtualFilterChain.doFilter(FilterChainProxy.java:374) ~[spring-security-web-6.4.1.jar:6.4.1]
	at org.springframework.security.web.session.SessionManagementFilter.doFilter(SessionManagementFilter.java:131) ~[spring-security-web-6.4.1.jar:6.4.1]
	at org.springframework.security.web.session.SessionManagementFilter.doFilter(SessionManagementFilter.java:85) ~[spring-security-web-6.4.1.jar:6.4.1]
	at org.springframework.security.web.FilterChainProxy$VirtualFilterChain.doFilter(FilterChainProxy.java:374) ~[spring-security-web-6.4.1.jar:6.4.1]
	at org.springframework.security.web.authentication.AnonymousAuthenticationFilter.doFilter(AnonymousAuthenticationFilter.java:100) ~[spring-security-web-6.4.1.jar:6.4.1]
	at org.springframework.security.web.FilterChainProxy$VirtualFilterChain.doFilter(FilterChainProxy.java:374) ~[spring-security-web-6.4.1.jar:6.4.1]
	at org.springframework.security.web.servletapi.SecurityContextHolderAwareRequestFilter.doFilter(SecurityContextHolderAwareRequestFilter.java:179) ~[spring-security-web-6.4.1.jar:6.4.1]
	at org.springframework.security.web.FilterChainProxy$VirtualFilterChain.doFilter(FilterChainProxy.java:374) ~[spring-security-web-6.4.1.jar:6.4.1]
	at org.springframework.security.web.savedrequest.RequestCacheAwareFilter.doFilter(RequestCacheAwareFilter.java:63) ~[spring-security-web-6.4.1.jar:6.4.1]
	at org.springframework.security.web.FilterChainProxy$VirtualFilterChain.doFilter(FilterChainProxy.java:374) ~[spring-security-web-6.4.1.jar:6.4.1]
	at com.nexashop.backend.security.JwtAuthenticationFilter.doFilterInternal(JwtAuthenticationFilter.java:65) ~[classes/:na]
	at org.springframework.web.filter.OncePerRequestFilter.doFilter(OncePerRequestFilter.java:116) ~[spring-web-6.2.0.jar:6.2.0]
	at org.springframework.security.web.FilterChainProxy$VirtualFilterChain.doFilter(FilterChainProxy.java:374) ~[spring-security-web-6.4.1.jar:6.4.1]
	at org.springframework.security.web.authentication.logout.LogoutFilter.doFilter(LogoutFilter.java:107) ~[spring-security-web-6.4.1.jar:6.4.1]
	at org.springframework.security.web.authentication.logout.LogoutFilter.doFilter(LogoutFilter.java:93) ~[spring-security-web-6.4.1.jar:6.4.1]
	at org.springframework.security.web.FilterChainProxy$VirtualFilterChain.doFilter(FilterChainProxy.java:374) ~[spring-security-web-6.4.1.jar:6.4.1]
	at org.springframework.web.filter.CorsFilter.doFilterInternal(CorsFilter.java:91) ~[spring-web-6.2.0.jar:6.2.0]
	at org.springframework.web.filter.OncePerRequestFilter.doFilter(OncePerRequestFilter.java:116) ~[spring-web-6.2.0.jar:6.2.0]
	at org.springframework.security.web.FilterChainProxy$VirtualFilterChain.doFilter(FilterChainProxy.java:374) ~[spring-security-web-6.4.1.jar:6.4.1]
	at org.springframework.security.web.header.HeaderWriterFilter.doHeadersAfter(HeaderWriterFilter.java:90) ~[spring-security-web-6.4.1.jar:6.4.1]
	at org.springframework.security.web.header.HeaderWriterFilter.doFilterInternal(HeaderWriterFilter.java:75) ~[spring-security-web-6.4.1.jar:6.4.1]
	at org.springframework.web.filter.OncePerRequestFilter.doFilter(OncePerRequestFilter.java:116) ~[spring-web-6.2.0.jar:6.2.0]
	at org.springframework.security.web.FilterChainProxy$VirtualFilterChain.doFilter(FilterChainProxy.java:374) ~[spring-security-web-6.4.1.jar:6.4.1]
	at org.springframework.security.web.context.SecurityContextHolderFilter.doFilter(SecurityContextHolderFilter.java:82) ~[spring-security-web-6.4.1.jar:6.4.1]
	at org.springframework.security.web.context.SecurityContextHolderFilter.doFilter(SecurityContextHolderFilter.java:69) ~[spring-security-web-6.4.1.jar:6.4.1]
	at org.springframework.security.web.FilterChainProxy$VirtualFilterChain.doFilter(FilterChainProxy.java:374) ~[spring-security-web-6.4.1.jar:6.4.1]
	at org.springframework.security.web.context.request.async.WebAsyncManagerIntegrationFilter.doFilterInternal(WebAsyncManagerIntegrationFilter.java:62) ~[spring-security-web-6.4.1.jar:6.4.1]
	at org.springframework.web.filter.OncePerRequestFilter.doFilter(OncePerRequestFilter.java:116) ~[spring-web-6.2.0.jar:6.2.0]
	at org.springframework.security.web.FilterChainProxy$VirtualFilterChain.doFilter(FilterChainProxy.java:374) ~[spring-security-web-6.4.1.jar:6.4.1]
	at org.springframework.security.web.session.DisableEncodeUrlFilter.doFilterInternal(DisableEncodeUrlFilter.java:42) ~[spring-security-web-6.4.1.jar:6.4.1]
	at org.springframework.web.filter.OncePerRequestFilter.doFilter(OncePerRequestFilter.java:116) ~[spring-web-6.2.0.jar:6.2.0]
	at org.springframework.security.web.FilterChainProxy$VirtualFilterChain.doFilter(FilterChainProxy.java:374) ~[spring-security-web-6.4.1.jar:6.4.1]
	at org.springframework.security.web.FilterChainProxy.doFilterInternal(FilterChainProxy.java:233) ~[spring-security-web-6.4.1.jar:6.4.1]
	at org.springframework.security.web.FilterChainProxy.doFilter(FilterChainProxy.java:191) ~[spring-security-web-6.4.1.jar:6.4.1]
	at org.springframework.web.filter.CompositeFilter$VirtualFilterChain.doFilter(CompositeFilter.java:113) ~[spring-web-6.2.0.jar:6.2.0]
	at org.springframework.web.servlet.handler.HandlerMappingIntrospector.lambda$createCacheFilter$3(HandlerMappingIntrospector.java:243) ~[spring-webmvc-6.2.0.jar:6.2.0]
	at org.springframework.web.filter.CompositeFilter$VirtualFilterChain.doFilter(CompositeFilter.java:113) ~[spring-web-6.2.0.jar:6.2.0]
	at org.springframework.web.filter.CompositeFilter.doFilter(CompositeFilter.java:74) ~[spring-web-6.2.0.jar:6.2.0]
	at org.springframework.security.config.annotation.web.configuration.WebMvcSecurityConfiguration$CompositeFilterChainProxy.doFilter(WebMvcSecurityConfiguration.java:238) ~[spring-security-config-6.4.1.jar:6.4.1]
	at org.springframework.web.filter.DelegatingFilterProxy.invokeDelegate(DelegatingFilterProxy.java:362) ~[spring-web-6.2.0.jar:6.2.0]
	at org.springframework.web.filter.DelegatingFilterProxy.doFilter(DelegatingFilterProxy.java:278) ~[spring-web-6.2.0.jar:6.2.0]
	at org.apache.catalina.core.ApplicationFilterChain.internalDoFilter(ApplicationFilterChain.java:164) ~[tomcat-embed-core-10.1.33.jar:10.1.33]
	at org.apache.catalina.core.ApplicationFilterChain.doFilter(ApplicationFilterChain.java:140) ~[tomcat-embed-core-10.1.33.jar:10.1.33]
	at org.springframework.web.filter.RequestContextFilter.doFilterInternal(RequestContextFilter.java:100) ~[spring-web-6.2.0.jar:6.2.0]
	at org.springframework.web.filter.OncePerRequestFilter.doFilter(OncePerRequestFilter.java:116) ~[spring-web-6.2.0.jar:6.2.0]
	at org.apache.catalina.core.ApplicationFilterChain.internalDoFilter(ApplicationFilterChain.java:164) ~[tomcat-embed-core-10.1.33.jar:10.1.33]
	at org.apache.catalina.core.ApplicationFilterChain.doFilter(ApplicationFilterChain.java:140) ~[tomcat-embed-core-10.1.33.jar:10.1.33]
	at org.springframework.web.filter.FormContentFilter.doFilterInternal(FormContentFilter.java:93) ~[spring-web-6.2.0.jar:6.2.0]
	at org.springframework.web.filter.OncePerRequestFilter.doFilter(OncePerRequestFilter.java:116) ~[spring-web-6.2.0.jar:6.2.0]
	at org.apache.catalina.core.ApplicationFilterChain.internalDoFilter(ApplicationFilterChain.java:164) ~[tomcat-embed-core-10.1.33.jar:10.1.33]
	at org.apache.catalina.core.ApplicationFilterChain.doFilter(ApplicationFilterChain.java:140) ~[tomcat-embed-core-10.1.33.jar:10.1.33]
	at org.springframework.web.filter.CharacterEncodingFilter.doFilterInternal(CharacterEncodingFilter.java:201) ~[spring-web-6.2.0.jar:6.2.0]
	at org.springframework.web.filter.OncePerRequestFilter.doFilter(OncePerRequestFilter.java:116) ~[spring-web-6.2.0.jar:6.2.0]
	at org.apache.catalina.core.ApplicationFilterChain.internalDoFilter(ApplicationFilterChain.java:164) ~[tomcat-embed-core-10.1.33.jar:10.1.33]
	at org.apache.catalina.core.ApplicationFilterChain.doFilter(ApplicationFilterChain.java:140) ~[tomcat-embed-core-10.1.33.jar:10.1.33]
	at org.apache.catalina.core.StandardWrapperValve.invoke(StandardWrapperValve.java:167) ~[tomcat-embed-core-10.1.33.jar:10.1.33]
	at org.apache.catalina.core.StandardContextValve.invoke(StandardContextValve.java:90) ~[tomcat-embed-core-10.1.33.jar:10.1.33]
	at org.apache.catalina.authenticator.AuthenticatorBase.invoke(AuthenticatorBase.java:483) ~[tomcat-embed-core-10.1.33.jar:10.1.33]
	at org.apache.catalina.core.StandardHostValve.invoke(StandardHostValve.java:115) ~[tomcat-embed-core-10.1.33.jar:10.1.33]
	at org.apache.catalina.valves.ErrorReportValve.invoke(ErrorReportValve.java:93) ~[tomcat-embed-core-10.1.33.jar:10.1.33]
	at org.apache.catalina.core.StandardEngineValve.invoke(StandardEngineValve.java:74) ~[tomcat-embed-core-10.1.33.jar:10.1.33]
	at org.apache.catalina.connector.CoyoteAdapter.service(CoyoteAdapter.java:344) ~[tomcat-embed-core-10.1.33.jar:10.1.33]
	at org.apache.coyote.http11.Http11Processor.service(Http11Processor.java:397) ~[tomcat-embed-core-10.1.33.jar:10.1.33]
	at org.apache.coyote.AbstractProcessorLight.process(AbstractProcessorLight.java:63) ~[tomcat-embed-core-10.1.33.jar:10.1.33]
	at org.apache.coyote.AbstractProtocol$ConnectionHandler.process(AbstractProtocol.java:905) ~[tomcat-embed-core-10.1.33.jar:10.1.33]
	at org.apache.tomcat.util.net.NioEndpoint$SocketProcessor.doRun(NioEndpoint.java:1741) ~[tomcat-embed-core-10.1.33.jar:10.1.33]
	at org.apache.tomcat.util.net.SocketProcessorBase.run(SocketProcessorBase.java:52) ~[tomcat-embed-core-10.1.33.jar:10.1.33]
	at org.apache.tomcat.util.threads.ThreadPoolExecutor.runWorker(ThreadPoolExecutor.java:1190) ~[tomcat-embed-core-10.1.33.jar:10.1.33]
	at org.apache.tomcat.util.threads.ThreadPoolExecutor$Worker.run(ThreadPoolExecutor.java:659) ~[tomcat-embed-core-10.1.33.jar:10.1.33]
	at org.apache.tomcat.util.threads.TaskThread$WrappingRunnable.run(TaskThread.java:63) ~[tomcat-embed-core-10.1.33.jar:10.1.33]
	at java.base/java.lang.Thread.run(Thread.java:1447) ~[na:na]

2025-12-07T10:09:03.331+05:30 DEBUG 10820 --- [Nexashop] [http-nio-8080-exec-1] o.s.security.web.FilterChainProxy        : Securing GET /error?limit=5&offset=0
2025-12-07T10:09:03.332+05:30 DEBUG 10820 --- [Nexashop] [http-nio-8080-exec-1] o.s.security.web.FilterChainProxy        : Secured GET /error?limit=5&offset=0
2025-12-07T10:09:03.332+05:30 DEBUG 10820 --- [Nexashop] [http-nio-8080-exec-1] o.s.web.servlet.DispatcherServlet        : "ERROR" dispatch for GET "/error?limit=5&offset=0", parameters={masked}
2025-12-07T10:09:03.333+05:30 DEBUG 10820 --- [Nexashop] [http-nio-8080-exec-1] s.w.s.m.m.a.RequestMappingHandlerMapping : Mapped to org.springframework.boot.autoconfigure.web.servlet.error.BasicErrorController#error(HttpServletRequest)
2025-12-07T10:09:03.334+05:30 DEBUG 10820 --- [Nexashop] [http-nio-8080-exec-1] o.s.w.s.m.m.a.HttpEntityMethodProcessor  : Found 'Content-Type:application/json' in response
2025-12-07T10:09:03.334+05:30 DEBUG 10820 --- [Nexashop] [http-nio-8080-exec-1] o.s.w.s.m.m.a.HttpEntityMethodProcessor  : Writing [{timestamp=Sun Dec 07 10:09:03 IST 2025, status=500, error=Internal Server Error, path=/api/products (truncated)...]
2025-12-07T10:09:03.336+05:30 DEBUG 10820 --- [Nexashop] [http-nio-8080-exec-1] o.s.web.servlet.DispatcherServlet        : Exiting from "ERROR" dispatch, status 500
2025-12-07T10:09:03.337+05:30 DEBUG 10820 --- [Nexashop] [http-nio-8080-exec-1] o.s.s.w.a.AnonymousAuthenticationFilter  : Set SecurityContextHolder to anonymous SecurityContext
2025-12-07T10:09:45.836+05:30 DEBUG 10820 --- [Nexashop] [http-nio-8080-exec-3] o.s.security.web.FilterChainProxy        : Securing OPTIONS /api/categories
2025-12-07T10:09:45.836+05:30 DEBUG 10820 --- [Nexashop] [http-nio-8080-exec-5] o.s.security.web.FilterChainProxy        : Securing OPTIONS /api/products/seller?limit=5&offset=0
2025-12-07T10:09:45.839+05:30 DEBUG 10820 --- [Nexashop] [http-nio-8080-exec-7] o.s.security.web.FilterChainProxy        : Securing GET /api/products/seller?limit=5&offset=0
2025-12-07T10:09:45.839+05:30 DEBUG 10820 --- [Nexashop] [http-nio-8080-exec-8] o.s.security.web.FilterChainProxy        : Securing GET /api/categories
2025-12-07T10:09:45.846+05:30 DEBUG 10820 --- [Nexashop] [http-nio-8080-exec-7] o.s.security.web.FilterChainProxy        : Secured GET /api/products/seller?limit=5&offset=0
2025-12-07T10:09:45.846+05:30 DEBUG 10820 --- [Nexashop] [http-nio-8080-exec-8] o.s.security.web.FilterChainProxy        : Secured GET /api/categories
2025-12-07T10:09:45.847+05:30 DEBUG 10820 --- [Nexashop] [http-nio-8080-exec-7] o.s.web.servlet.DispatcherServlet        : GET "/api/products/seller?limit=5&offset=0", parameters={masked}
2025-12-07T10:09:45.848+05:30 DEBUG 10820 --- [Nexashop] [http-nio-8080-exec-7] s.w.s.m.m.a.RequestMappingHandlerMapping : Mapped to com.nexashop.backend.controller.ProductController#getSellerProducts(String, String, String, int, int)
2025-12-07T10:09:45.848+05:30 DEBUG 10820 --- [Nexashop] [http-nio-8080-exec-8] o.s.web.servlet.DispatcherServlet        : GET "/api/categories", parameters={}
2025-12-07T10:09:45.849+05:30 DEBUG 10820 --- [Nexashop] [http-nio-8080-exec-8] s.w.s.m.m.a.RequestMappingHandlerMapping : Mapped to com.nexashop.backend.controller.CategoryController#getAllCategories()
2025-12-07T10:09:45.859+05:30 DEBUG 10820 --- [Nexashop] [http-nio-8080-exec-8] o.s.w.s.m.m.a.HttpEntityMethodProcessor  : Using 'application/json', given [application/json] and supported [application/json, application/*+json, application/yaml]
2025-12-07T10:09:45.860+05:30 DEBUG 10820 --- [Nexashop] [http-nio-8080-exec-8] o.s.w.s.m.m.a.HttpEntityMethodProcessor  : Writing [[com.nexashop.backend.entity.Category@602efdee, com.nexashop.backend.entity.Category@43b046f9, com.n (truncated)...]
2025-12-07T10:09:45.864+05:30 DEBUG 10820 --- [Nexashop] [http-nio-8080-exec-8] o.s.web.servlet.DispatcherServlet        : Completed 200 OK
2025-12-07T10:09:45.887+05:30 DEBUG 10820 --- [Nexashop] [http-nio-8080-exec-7] o.s.w.s.m.m.a.HttpEntityMethodProcessor  : Using 'application/json', given [application/json] and supported [application/json, application/*+json, application/yaml]
2025-12-07T10:09:45.888+05:30 DEBUG 10820 --- [Nexashop] [http-nio-8080-exec-7] o.s.w.s.m.m.a.HttpEntityMethodProcessor  : Writing [{total=24, pageSize=5, page=1, products=[com.nexashop.backend.entity.Product@788319eb, com.nexashop. (truncated)...]
2025-12-07T10:09:45.895+05:30 DEBUG 10820 --- [Nexashop] [http-nio-8080-exec-7] o.s.web.servlet.DispatcherServlet        : Failed to complete request: org.springframework.http.converter.HttpMessageConversionException: Type definition error: [simple type, class org.hibernate.proxy.pojo.bytebuddy.ByteBuddyInterceptor]
2025-12-07T10:09:45.896+05:30 ERROR 10820 --- [Nexashop] [http-nio-8080-exec-7] o.a.c.c.C.[.[.[/].[dispatcherServlet]    : Servlet.service() for servlet [dispatcherServlet] in context with path [] threw exception [Request processing failed: org.springframework.http.converter.HttpMessageConversionException: Type definition error: [simple type, class org.hibernate.proxy.pojo.bytebuddy.ByteBuddyInterceptor]] with root cause

com.fasterxml.jackson.databind.exc.InvalidDefinitionException: No serializer found for class org.hibernate.proxy.pojo.bytebuddy.ByteBuddyInterceptor and no properties discovered to create BeanSerializer (to avoid exception, disable SerializationFeature.FAIL_ON_EMPTY_BEANS) (through reference chain: java.util.HashMap["products"]->java.util.ArrayList$SubList[0]->com.nexashop.backend.entity.Product["category"]->com.nexashop.backend.entity.Category$HibernateProxy$yroZAonG["hibernateLazyInitializer"])
	at com.fasterxml.jackson.databind.exc.InvalidDefinitionException.from(InvalidDefinitionException.java:77) ~[jackson-databind-2.18.1.jar:2.18.1]
	at com.fasterxml.jackson.databind.SerializerProvider.reportBadDefinition(SerializerProvider.java:1328) ~[jackson-databind-2.18.1.jar:2.18.1]
	at com.fasterxml.jackson.databind.DatabindContext.reportBadDefinition(DatabindContext.java:414) ~[jackson-databind-2.18.1.jar:2.18.1]
	at com.fasterxml.jackson.databind.ser.impl.UnknownSerializer.failForEmpty(UnknownSerializer.java:53) ~[jackson-databind-2.18.1.jar:2.18.1]
	at com.fasterxml.jackson.databind.ser.impl.UnknownSerializer.serialize(UnknownSerializer.java:30) ~[jackson-databind-2.18.1.jar:2.18.1]
	at com.fasterxml.jackson.databind.ser.BeanPropertyWriter.serializeAsField(BeanPropertyWriter.java:732) ~[jackson-databind-2.18.1.jar:2.18.1]
	at com.fasterxml.jackson.databind.ser.std.BeanSerializerBase.serializeFields(BeanSerializerBase.java:770) ~[jackson-databind-2.18.1.jar:2.18.1]
	at com.fasterxml.jackson.databind.ser.BeanSerializer.serialize(BeanSerializer.java:184) ~[jackson-databind-2.18.1.jar:2.18.1]
	at com.fasterxml.jackson.databind.ser.BeanPropertyWriter.serializeAsField(BeanPropertyWriter.java:732) ~[jackson-databind-2.18.1.jar:2.18.1]
	at com.fasterxml.jackson.databind.ser.std.BeanSerializerBase.serializeFields(BeanSerializerBase.java:770) ~[jackson-databind-2.18.1.jar:2.18.1]
	at com.fasterxml.jackson.databind.ser.BeanSerializer.serialize(BeanSerializer.java:184) ~[jackson-databind-2.18.1.jar:2.18.1]
	at com.fasterxml.jackson.databind.ser.impl.IndexedListSerializer.serializeContents(IndexedListSerializer.java:119) ~[jackson-databind-2.18.1.jar:2.18.1]
	at com.fasterxml.jackson.databind.ser.impl.IndexedListSerializer.serialize(IndexedListSerializer.java:79) ~[jackson-databind-2.18.1.jar:2.18.1]
	at com.fasterxml.jackson.databind.ser.impl.IndexedListSerializer.serialize(IndexedListSerializer.java:18) ~[jackson-databind-2.18.1.jar:2.18.1]
	at com.fasterxml.jackson.databind.ser.std.MapSerializer.serializeFields(MapSerializer.java:808) ~[jackson-databind-2.18.1.jar:2.18.1]
	at com.fasterxml.jackson.databind.ser.std.MapSerializer.serializeWithoutTypeInfo(MapSerializer.java:764) ~[jackson-databind-2.18.1.jar:2.18.1]
	at com.fasterxml.jackson.databind.ser.std.MapSerializer.serialize(MapSerializer.java:720) ~[jackson-databind-2.18.1.jar:2.18.1]
	at com.fasterxml.jackson.databind.ser.std.MapSerializer.serialize(MapSerializer.java:35) ~[jackson-databind-2.18.1.jar:2.18.1]
	at com.fasterxml.jackson.databind.ser.DefaultSerializerProvider._serialize(DefaultSerializerProvider.java:502) ~[jackson-databind-2.18.1.jar:2.18.1]
	at com.fasterxml.jackson.databind.ser.DefaultSerializerProvider.serializeValue(DefaultSerializerProvider.java:422) ~[jackson-databind-2.18.1.jar:2.18.1]
	at com.fasterxml.jackson.databind.ObjectWriter$Prefetch.serialize(ObjectWriter.java:1579) ~[jackson-databind-2.18.1.jar:2.18.1]
	at com.fasterxml.jackson.databind.ObjectWriter.writeValue(ObjectWriter.java:1061) ~[jackson-databind-2.18.1.jar:2.18.1]
	at org.springframework.http.converter.json.AbstractJackson2HttpMessageConverter.writeInternal(AbstractJackson2HttpMessageConverter.java:486) ~[spring-web-6.2.0.jar:6.2.0]
	at org.springframework.http.converter.AbstractGenericHttpMessageConverter.write(AbstractGenericHttpMessageConverter.java:126) ~[spring-web-6.2.0.jar:6.2.0]
	at org.springframework.web.servlet.mvc.method.annotation.AbstractMessageConverterMethodProcessor.writeWithMessageConverters(AbstractMessageConverterMethodProcessor.java:345) ~[spring-webmvc-6.2.0.jar:6.2.0]
	at org.springframework.web.servlet.mvc.method.annotation.HttpEntityMethodProcessor.handleReturnValue(HttpEntityMethodProcessor.java:261) ~[spring-webmvc-6.2.0.jar:6.2.0]
	at org.springframework.web.method.support.HandlerMethodReturnValueHandlerComposite.handleReturnValue(HandlerMethodReturnValueHandlerComposite.java:78) ~[spring-web-6.2.0.jar:6.2.0]
	at org.springframework.web.servlet.mvc.method.annotation.ServletInvocableHandlerMethod.invokeAndHandle(ServletInvocableHandlerMethod.java:136) ~[spring-webmvc-6.2.0.jar:6.2.0]
	at org.springframework.web.servlet.mvc.method.annotation.RequestMappingHandlerAdapter.invokeHandlerMethod(RequestMappingHandlerAdapter.java:986) ~[spring-webmvc-6.2.0.jar:6.2.0]
	at org.springframework.web.servlet.mvc.method.annotation.RequestMappingHandlerAdapter.handleInternal(RequestMappingHandlerAdapter.java:891) ~[spring-webmvc-6.2.0.jar:6.2.0]
	at org.springframework.web.servlet.mvc.method.AbstractHandlerMethodAdapter.handle(AbstractHandlerMethodAdapter.java:87) ~[spring-webmvc-6.2.0.jar:6.2.0]
	at org.springframework.web.servlet.DispatcherServlet.doDispatch(DispatcherServlet.java:1088) ~[spring-webmvc-6.2.0.jar:6.2.0]
	at org.springframework.web.servlet.DispatcherServlet.doService(DispatcherServlet.java:978) ~[spring-webmvc-6.2.0.jar:6.2.0]
	at org.springframework.web.servlet.FrameworkServlet.processRequest(FrameworkServlet.java:1014) ~[spring-webmvc-6.2.0.jar:6.2.0]
	at org.springframework.web.servlet.FrameworkServlet.doGet(FrameworkServlet.java:903) ~[spring-webmvc-6.2.0.jar:6.2.0]
	at jakarta.servlet.http.HttpServlet.service(HttpServlet.java:564) ~[tomcat-embed-core-10.1.33.jar:6.0]
	at org.springframework.web.servlet.FrameworkServlet.service(FrameworkServlet.java:885) ~[spring-webmvc-6.2.0.jar:6.2.0]
	at jakarta.servlet.http.HttpServlet.service(HttpServlet.java:658) ~[tomcat-embed-core-10.1.33.jar:6.0]
	at org.apache.catalina.core.ApplicationFilterChain.internalDoFilter(ApplicationFilterChain.java:195) ~[tomcat-embed-core-10.1.33.jar:10.1.33]
	at org.apache.catalina.core.ApplicationFilterChain.doFilter(ApplicationFilterChain.java:140) ~[tomcat-embed-core-10.1.33.jar:10.1.33]
	at org.apache.tomcat.websocket.server.WsFilter.doFilter(WsFilter.java:51) ~[tomcat-embed-websocket-10.1.33.jar:10.1.33]
	at org.apache.catalina.core.ApplicationFilterChain.internalDoFilter(ApplicationFilterChain.java:164) ~[tomcat-embed-core-10.1.33.jar:10.1.33]
	at org.apache.catalina.core.ApplicationFilterChain.doFilter(ApplicationFilterChain.java:140) ~[tomcat-embed-core-10.1.33.jar:10.1.33]
	at org.springframework.web.filter.OncePerRequestFilter.doFilter(OncePerRequestFilter.java:110) ~[spring-web-6.2.0.jar:6.2.0]
	at org.apache.catalina.core.ApplicationFilterChain.internalDoFilter(ApplicationFilterChain.java:164) ~[tomcat-embed-core-10.1.33.jar:10.1.33]
	at org.apache.catalina.core.ApplicationFilterChain.doFilter(ApplicationFilterChain.java:140) ~[tomcat-embed-core-10.1.33.jar:10.1.33]
	at org.springframework.web.filter.CompositeFilter$VirtualFilterChain.doFilter(CompositeFilter.java:108) ~[spring-web-6.2.0.jar:6.2.0]
	at org.springframework.security.web.FilterChainProxy.lambda$doFilterInternal$3(FilterChainProxy.java:231) ~[spring-security-web-6.4.1.jar:6.4.1]
	at org.springframework.security.web.FilterChainProxy$VirtualFilterChain.doFilter(FilterChainProxy.java:365) ~[spring-security-web-6.4.1.jar:6.4.1]
	at org.springframework.security.web.access.intercept.AuthorizationFilter.doFilter(AuthorizationFilter.java:101) ~[spring-security-web-6.4.1.jar:6.4.1]
	at org.springframework.security.web.FilterChainProxy$VirtualFilterChain.doFilter(FilterChainProxy.java:374) ~[spring-security-web-6.4.1.jar:6.4.1]
	at org.springframework.security.web.access.ExceptionTranslationFilter.doFilter(ExceptionTranslationFilter.java:126) ~[spring-security-web-6.4.1.jar:6.4.1]
	at org.springframework.security.web.access.ExceptionTranslationFilter.doFilter(ExceptionTranslationFilter.java:120) ~[spring-security-web-6.4.1.jar:6.4.1]
	at org.springframework.security.web.FilterChainProxy$VirtualFilterChain.doFilter(FilterChainProxy.java:374) ~[spring-security-web-6.4.1.jar:6.4.1]
	at org.springframework.security.web.session.SessionManagementFilter.doFilter(SessionManagementFilter.java:131) ~[spring-security-web-6.4.1.jar:6.4.1]
	at org.springframework.security.web.session.SessionManagementFilter.doFilter(SessionManagementFilter.java:85) ~[spring-security-web-6.4.1.jar:6.4.1]
	at org.springframework.security.web.FilterChainProxy$VirtualFilterChain.doFilter(FilterChainProxy.java:374) ~[spring-security-web-6.4.1.jar:6.4.1]
	at org.springframework.security.web.authentication.AnonymousAuthenticationFilter.doFilter(AnonymousAuthenticationFilter.java:100) ~[spring-security-web-6.4.1.jar:6.4.1]
	at org.springframework.security.web.FilterChainProxy$VirtualFilterChain.doFilter(FilterChainProxy.java:374) ~[spring-security-web-6.4.1.jar:6.4.1]
	at org.springframework.security.web.servletapi.SecurityContextHolderAwareRequestFilter.doFilter(SecurityContextHolderAwareRequestFilter.java:179) ~[spring-security-web-6.4.1.jar:6.4.1]
	at org.springframework.security.web.FilterChainProxy$VirtualFilterChain.doFilter(FilterChainProxy.java:374) ~[spring-security-web-6.4.1.jar:6.4.1]
	at org.springframework.security.web.savedrequest.RequestCacheAwareFilter.doFilter(RequestCacheAwareFilter.java:63) ~[spring-security-web-6.4.1.jar:6.4.1]
	at org.springframework.security.web.FilterChainProxy$VirtualFilterChain.doFilter(FilterChainProxy.java:374) ~[spring-security-web-6.4.1.jar:6.4.1]
	at com.nexashop.backend.security.JwtAuthenticationFilter.doFilterInternal(JwtAuthenticationFilter.java:65) ~[classes/:na]
	at org.springframework.web.filter.OncePerRequestFilter.doFilter(OncePerRequestFilter.java:116) ~[spring-web-6.2.0.jar:6.2.0]
	at org.springframework.security.web.FilterChainProxy$VirtualFilterChain.doFilter(FilterChainProxy.java:374) ~[spring-security-web-6.4.1.jar:6.4.1]
	at org.springframework.security.web.authentication.logout.LogoutFilter.doFilter(LogoutFilter.java:107) ~[spring-security-web-6.4.1.jar:6.4.1]
	at org.springframework.security.web.authentication.logout.LogoutFilter.doFilter(LogoutFilter.java:93) ~[spring-security-web-6.4.1.jar:6.4.1]
	at org.springframework.security.web.FilterChainProxy$VirtualFilterChain.doFilter(FilterChainProxy.java:374) ~[spring-security-web-6.4.1.jar:6.4.1]
	at org.springframework.web.filter.CorsFilter.doFilterInternal(CorsFilter.java:91) ~[spring-web-6.2.0.jar:6.2.0]
	at org.springframework.web.filter.OncePerRequestFilter.doFilter(OncePerRequestFilter.java:116) ~[spring-web-6.2.0.jar:6.2.0]
	at org.springframework.security.web.FilterChainProxy$VirtualFilterChain.doFilter(FilterChainProxy.java:374) ~[spring-security-web-6.4.1.jar:6.4.1]
	at org.springframework.security.web.header.HeaderWriterFilter.doHeadersAfter(HeaderWriterFilter.java:90) ~[spring-security-web-6.4.1.jar:6.4.1]
	at org.springframework.security.web.header.HeaderWriterFilter.doFilterInternal(HeaderWriterFilter.java:75) ~[spring-security-web-6.4.1.jar:6.4.1]
	at org.springframework.web.filter.OncePerRequestFilter.doFilter(OncePerRequestFilter.java:116) ~[spring-web-6.2.0.jar:6.2.0]
	at org.springframework.security.web.FilterChainProxy$VirtualFilterChain.doFilter(FilterChainProxy.java:374) ~[spring-security-web-6.4.1.jar:6.4.1]
	at org.springframework.security.web.context.SecurityContextHolderFilter.doFilter(SecurityContextHolderFilter.java:82) ~[spring-security-web-6.4.1.jar:6.4.1]
	at org.springframework.security.web.context.SecurityContextHolderFilter.doFilter(SecurityContextHolderFilter.java:69) ~[spring-security-web-6.4.1.jar:6.4.1]
	at org.springframework.security.web.FilterChainProxy$VirtualFilterChain.doFilter(FilterChainProxy.java:374) ~[spring-security-web-6.4.1.jar:6.4.1]
	at org.springframework.security.web.context.request.async.WebAsyncManagerIntegrationFilter.doFilterInternal(WebAsyncManagerIntegrationFilter.java:62) ~[spring-security-web-6.4.1.jar:6.4.1]
	at org.springframework.web.filter.OncePerRequestFilter.doFilter(OncePerRequestFilter.java:116) ~[spring-web-6.2.0.jar:6.2.0]
	at org.springframework.security.web.FilterChainProxy$VirtualFilterChain.doFilter(FilterChainProxy.java:374) ~[spring-security-web-6.4.1.jar:6.4.1]
	at org.springframework.security.web.session.DisableEncodeUrlFilter.doFilterInternal(DisableEncodeUrlFilter.java:42) ~[spring-security-web-6.4.1.jar:6.4.1]
	at org.springframework.web.filter.OncePerRequestFilter.doFilter(OncePerRequestFilter.java:116) ~[spring-web-6.2.0.jar:6.2.0]
	at org.springframework.security.web.FilterChainProxy$VirtualFilterChain.doFilter(FilterChainProxy.java:374) ~[spring-security-web-6.4.1.jar:6.4.1]
	at org.springframework.security.web.FilterChainProxy.doFilterInternal(FilterChainProxy.java:233) ~[spring-security-web-6.4.1.jar:6.4.1]
	at org.springframework.security.web.FilterChainProxy.doFilter(FilterChainProxy.java:191) ~[spring-security-web-6.4.1.jar:6.4.1]
	at org.springframework.web.filter.CompositeFilter$VirtualFilterChain.doFilter(CompositeFilter.java:113) ~[spring-web-6.2.0.jar:6.2.0]
	at org.springframework.web.servlet.handler.HandlerMappingIntrospector.lambda$createCacheFilter$3(HandlerMappingIntrospector.java:243) ~[spring-webmvc-6.2.0.jar:6.2.0]
	at org.springframework.web.filter.CompositeFilter$VirtualFilterChain.doFilter(CompositeFilter.java:113) ~[spring-web-6.2.0.jar:6.2.0]
	at org.springframework.web.filter.CompositeFilter.doFilter(CompositeFilter.java:74) ~[spring-web-6.2.0.jar:6.2.0]
	at org.springframework.security.config.annotation.web.configuration.WebMvcSecurityConfiguration$CompositeFilterChainProxy.doFilter(WebMvcSecurityConfiguration.java:238) ~[spring-security-config-6.4.1.jar:6.4.1]
	at org.springframework.web.filter.DelegatingFilterProxy.invokeDelegate(DelegatingFilterProxy.java:362) ~[spring-web-6.2.0.jar:6.2.0]
	at org.springframework.web.filter.DelegatingFilterProxy.doFilter(DelegatingFilterProxy.java:278) ~[spring-web-6.2.0.jar:6.2.0]
	at org.apache.catalina.core.ApplicationFilterChain.internalDoFilter(ApplicationFilterChain.java:164) ~[tomcat-embed-core-10.1.33.jar:10.1.33]
	at org.apache.catalina.core.ApplicationFilterChain.doFilter(ApplicationFilterChain.java:140) ~[tomcat-embed-core-10.1.33.jar:10.1.33]
	at org.springframework.web.filter.RequestContextFilter.doFilterInternal(RequestContextFilter.java:100) ~[spring-web-6.2.0.jar:6.2.0]
	at org.springframework.web.filter.OncePerRequestFilter.doFilter(OncePerRequestFilter.java:116) ~[spring-web-6.2.0.jar:6.2.0]
	at org.apache.catalina.core.ApplicationFilterChain.internalDoFilter(ApplicationFilterChain.java:164) ~[tomcat-embed-core-10.1.33.jar:10.1.33]
	at org.apache.catalina.core.ApplicationFilterChain.doFilter(ApplicationFilterChain.java:140) ~[tomcat-embed-core-10.1.33.jar:10.1.33]
	at org.springframework.web.filter.FormContentFilter.doFilterInternal(FormContentFilter.java:93) ~[spring-web-6.2.0.jar:6.2.0]
	at org.springframework.web.filter.OncePerRequestFilter.doFilter(OncePerRequestFilter.java:116) ~[spring-web-6.2.0.jar:6.2.0]
	at org.apache.catalina.core.ApplicationFilterChain.internalDoFilter(ApplicationFilterChain.java:164) ~[tomcat-embed-core-10.1.33.jar:10.1.33]
	at org.apache.catalina.core.ApplicationFilterChain.doFilter(ApplicationFilterChain.java:140) ~[tomcat-embed-core-10.1.33.jar:10.1.33]
	at org.springframework.web.filter.CharacterEncodingFilter.doFilterInternal(CharacterEncodingFilter.java:201) ~[spring-web-6.2.0.jar:6.2.0]
	at org.springframework.web.filter.OncePerRequestFilter.doFilter(OncePerRequestFilter.java:116) ~[spring-web-6.2.0.jar:6.2.0]
	at org.apache.catalina.core.ApplicationFilterChain.internalDoFilter(ApplicationFilterChain.java:164) ~[tomcat-embed-core-10.1.33.jar:10.1.33]
	at org.apache.catalina.core.ApplicationFilterChain.doFilter(ApplicationFilterChain.java:140) ~[tomcat-embed-core-10.1.33.jar:10.1.33]
	at org.apache.catalina.core.StandardWrapperValve.invoke(StandardWrapperValve.java:167) ~[tomcat-embed-core-10.1.33.jar:10.1.33]
	at org.apache.catalina.core.StandardContextValve.invoke(StandardContextValve.java:90) ~[tomcat-embed-core-10.1.33.jar:10.1.33]
	at org.apache.catalina.authenticator.AuthenticatorBase.invoke(AuthenticatorBase.java:483) ~[tomcat-embed-core-10.1.33.jar:10.1.33]
	at org.apache.catalina.core.StandardHostValve.invoke(StandardHostValve.java:115) ~[tomcat-embed-core-10.1.33.jar:10.1.33]
	at org.apache.catalina.valves.ErrorReportValve.invoke(ErrorReportValve.java:93) ~[tomcat-embed-core-10.1.33.jar:10.1.33]
	at org.apache.catalina.core.StandardEngineValve.invoke(StandardEngineValve.java:74) ~[tomcat-embed-core-10.1.33.jar:10.1.33]
	at org.apache.catalina.connector.CoyoteAdapter.service(CoyoteAdapter.java:344) ~[tomcat-embed-core-10.1.33.jar:10.1.33]
	at org.apache.coyote.http11.Http11Processor.service(Http11Processor.java:397) ~[tomcat-embed-core-10.1.33.jar:10.1.33]
	at org.apache.coyote.AbstractProcessorLight.process(AbstractProcessorLight.java:63) ~[tomcat-embed-core-10.1.33.jar:10.1.33]
	at org.apache.coyote.AbstractProtocol$ConnectionHandler.process(AbstractProtocol.java:905) ~[tomcat-embed-core-10.1.33.jar:10.1.33]
	at org.apache.tomcat.util.net.NioEndpoint$SocketProcessor.doRun(NioEndpoint.java:1741) ~[tomcat-embed-core-10.1.33.jar:10.1.33]
	at org.apache.tomcat.util.net.SocketProcessorBase.run(SocketProcessorBase.java:52) ~[tomcat-embed-core-10.1.33.jar:10.1.33]
	at org.apache.tomcat.util.threads.ThreadPoolExecutor.runWorker(ThreadPoolExecutor.java:1190) ~[tomcat-embed-core-10.1.33.jar:10.1.33]
	at org.apache.tomcat.util.threads.ThreadPoolExecutor$Worker.run(ThreadPoolExecutor.java:659) ~[tomcat-embed-core-10.1.33.jar:10.1.33]
	at org.apache.tomcat.util.threads.TaskThread$WrappingRunnable.run(TaskThread.java:63) ~[tomcat-embed-core-10.1.33.jar:10.1.33]
	at java.base/java.lang.Thread.run(Thread.java:1447) ~[na:na]

2025-12-07T10:09:45.926+05:30 DEBUG 10820 --- [Nexashop] [http-nio-8080-exec-7] o.s.security.web.FilterChainProxy        : Securing GET /error?limit=5&offset=0
2025-12-07T10:09:45.929+05:30 DEBUG 10820 --- [Nexashop] [http-nio-8080-exec-7] o.s.security.web.FilterChainProxy        : Secured GET /error?limit=5&offset=0
2025-12-07T10:09:45.930+05:30 DEBUG 10820 --- [Nexashop] [http-nio-8080-exec-7] o.s.web.servlet.DispatcherServlet        : "ERROR" dispatch for GET "/error?limit=5&offset=0", parameters={masked}
2025-12-07T10:09:45.931+05:30 DEBUG 10820 --- [Nexashop] [http-nio-8080-exec-7] s.w.s.m.m.a.RequestMappingHandlerMapping : Mapped to org.springframework.boot.autoconfigure.web.servlet.error.BasicErrorController#error(HttpServletRequest)
2025-12-07T10:09:45.936+05:30 DEBUG 10820 --- [Nexashop] [http-nio-8080-exec-7] o.s.w.s.m.m.a.HttpEntityMethodProcessor  : Found 'Content-Type:application/json' in response
2025-12-07T10:09:45.937+05:30 DEBUG 10820 --- [Nexashop] [http-nio-8080-exec-7] o.s.w.s.m.m.a.HttpEntityMethodProcessor  : Writing [{timestamp=Sun Dec 07 10:09:45 IST 2025, status=500, error=Internal Server Error, path=/api/products (truncated)...]
2025-12-07T10:09:45.939+05:30 DEBUG 10820 --- [Nexashop] [http-nio-8080-exec-7] o.s.web.servlet.DispatcherServlet        : Exiting from "ERROR" dispatch, status 500
2025-12-07T10:09:45.943+05:30 DEBUG 10820 --- [Nexashop] [http-nio-8080-exec-7] o.s.s.w.a.AnonymousAuthenticationFilter  : Set SecurityContextHolder to anonymous SecurityContext
2025-12-07T10:09:56.504+05:30 DEBUG 10820 --- [Nexashop] [http-nio-8080-exec-10] o.s.security.web.FilterChainProxy        : Securing OPTIONS /api/products/seller?limit=5&offset=0
2025-12-07T10:09:56.504+05:30 DEBUG 10820 --- [Nexashop] [http-nio-8080-exec-2] o.s.security.web.FilterChainProxy        : Securing OPTIONS /api/categories
2025-12-07T10:09:56.508+05:30 DEBUG 10820 --- [Nexashop] [http-nio-8080-exec-1] o.s.security.web.FilterChainProxy        : Securing GET /api/products/seller?limit=5&offset=0
2025-12-07T10:09:56.508+05:30 DEBUG 10820 --- [Nexashop] [http-nio-8080-exec-4] o.s.security.web.FilterChainProxy        : Securing GET /api/categories
2025-12-07T10:09:56.526+05:30 DEBUG 10820 --- [Nexashop] [http-nio-8080-exec-4] o.s.security.web.FilterChainProxy        : Secured GET /api/categories
2025-12-07T10:09:56.530+05:30 DEBUG 10820 --- [Nexashop] [http-nio-8080-exec-4] o.s.web.servlet.DispatcherServlet        : GET "/api/categories", parameters={}
2025-12-07T10:09:56.532+05:30 DEBUG 10820 --- [Nexashop] [http-nio-8080-exec-4] s.w.s.m.m.a.RequestMappingHandlerMapping : Mapped to com.nexashop.backend.controller.CategoryController#getAllCategories()
2025-12-07T10:09:56.527+05:30 DEBUG 10820 --- [Nexashop] [http-nio-8080-exec-1] o.s.security.web.FilterChainProxy        : Secured GET /api/products/seller?limit=5&offset=0
2025-12-07T10:09:56.564+05:30 DEBUG 10820 --- [Nexashop] [http-nio-8080-exec-1] o.s.web.servlet.DispatcherServlet        : GET "/api/products/seller?limit=5&offset=0", parameters={masked}
2025-12-07T10:09:56.569+05:30 DEBUG 10820 --- [Nexashop] [http-nio-8080-exec-1] s.w.s.m.m.a.RequestMappingHandlerMapping : Mapped to com.nexashop.backend.controller.ProductController#getSellerProducts(String, String, String, int, int)
2025-12-07T10:09:56.742+05:30 DEBUG 10820 --- [Nexashop] [http-nio-8080-exec-4] o.s.w.s.m.m.a.HttpEntityMethodProcessor  : Using 'application/json', given [application/json] and supported [application/json, application/*+json, application/yaml]
2025-12-07T10:09:56.781+05:30 DEBUG 10820 --- [Nexashop] [http-nio-8080-exec-4] o.s.w.s.m.m.a.HttpEntityMethodProcessor  : Writing [[com.nexashop.backend.entity.Category@6e498766, com.nexashop.backend.entity.Category@1b067985, com.n (truncated)...]
2025-12-07T10:09:56.783+05:30 DEBUG 10820 --- [Nexashop] [http-nio-8080-exec-4] o.s.web.servlet.DispatcherServlet        : Completed 200 OK
2025-12-07T10:09:56.794+05:30 DEBUG 10820 --- [Nexashop] [http-nio-8080-exec-1] o.s.w.s.m.m.a.HttpEntityMethodProcessor  : Using 'application/json', given [application/json] and supported [application/json, application/*+json, application/yaml]
2025-12-07T10:09:56.795+05:30 DEBUG 10820 --- [Nexashop] [http-nio-8080-exec-1] o.s.w.s.m.m.a.HttpEntityMethodProcessor  : Writing [{total=24, pageSize=5, page=1, products=[com.nexashop.backend.entity.Product@94e613, com.nexashop.ba (truncated)...]
2025-12-07T10:09:56.815+05:30 DEBUG 10820 --- [Nexashop] [http-nio-8080-exec-1] o.s.web.servlet.DispatcherServlet        : Failed to complete request: org.springframework.http.converter.HttpMessageConversionException: Type definition error: [simple type, class org.hibernate.proxy.pojo.bytebuddy.ByteBuddyInterceptor]
2025-12-07T10:09:56.817+05:30 ERROR 10820 --- [Nexashop] [http-nio-8080-exec-1] o.a.c.c.C.[.[.[/].[dispatcherServlet]    : Servlet.service() for servlet [dispatcherServlet] in context with path [] threw exception [Request processing failed: org.springframework.http.converter.HttpMessageConversionException: Type definition error: [simple type, class org.hibernate.proxy.pojo.bytebuddy.ByteBuddyInterceptor]] with root cause

com.fasterxml.jackson.databind.exc.InvalidDefinitionException: No serializer found for class org.hibernate.proxy.pojo.bytebuddy.ByteBuddyInterceptor and no properties discovered to create BeanSerializer (to avoid exception, disable SerializationFeature.FAIL_ON_EMPTY_BEANS) (through reference chain: java.util.HashMap["products"]->java.util.ArrayList$SubList[0]->com.nexashop.backend.entity.Product["category"]->com.nexashop.backend.entity.Category$HibernateProxy$yroZAonG["hibernateLazyInitializer"])
	at com.fasterxml.jackson.databind.exc.InvalidDefinitionException.from(InvalidDefinitionException.java:77) ~[jackson-databind-2.18.1.jar:2.18.1]
	at com.fasterxml.jackson.databind.SerializerProvider.reportBadDefinition(SerializerProvider.java:1328) ~[jackson-databind-2.18.1.jar:2.18.1]
	at com.fasterxml.jackson.databind.DatabindContext.reportBadDefinition(DatabindContext.java:414) ~[jackson-databind-2.18.1.jar:2.18.1]
	at com.fasterxml.jackson.databind.ser.impl.UnknownSerializer.failForEmpty(UnknownSerializer.java:53) ~[jackson-databind-2.18.1.jar:2.18.1]
	at com.fasterxml.jackson.databind.ser.impl.UnknownSerializer.serialize(UnknownSerializer.java:30) ~[jackson-databind-2.18.1.jar:2.18.1]
	at com.fasterxml.jackson.databind.ser.BeanPropertyWriter.serializeAsField(BeanPropertyWriter.java:732) ~[jackson-databind-2.18.1.jar:2.18.1]
	at com.fasterxml.jackson.databind.ser.std.BeanSerializerBase.serializeFields(BeanSerializerBase.java:770) ~[jackson-databind-2.18.1.jar:2.18.1]
	at com.fasterxml.jackson.databind.ser.BeanSerializer.serialize(BeanSerializer.java:184) ~[jackson-databind-2.18.1.jar:2.18.1]
	at com.fasterxml.jackson.databind.ser.BeanPropertyWriter.serializeAsField(BeanPropertyWriter.java:732) ~[jackson-databind-2.18.1.jar:2.18.1]
	at com.fasterxml.jackson.databind.ser.std.BeanSerializerBase.serializeFields(BeanSerializerBase.java:770) ~[jackson-databind-2.18.1.jar:2.18.1]
	at com.fasterxml.jackson.databind.ser.BeanSerializer.serialize(BeanSerializer.java:184) ~[jackson-databind-2.18.1.jar:2.18.1]
	at com.fasterxml.jackson.databind.ser.impl.IndexedListSerializer.serializeContents(IndexedListSerializer.java:119) ~[jackson-databind-2.18.1.jar:2.18.1]
	at com.fasterxml.jackson.databind.ser.impl.IndexedListSerializer.serialize(IndexedListSerializer.java:79) ~[jackson-databind-2.18.1.jar:2.18.1]
	at com.fasterxml.jackson.databind.ser.impl.IndexedListSerializer.serialize(IndexedListSerializer.java:18) ~[jackson-databind-2.18.1.jar:2.18.1]
	at com.fasterxml.jackson.databind.ser.std.MapSerializer.serializeFields(MapSerializer.java:808) ~[jackson-databind-2.18.1.jar:2.18.1]
	at com.fasterxml.jackson.databind.ser.std.MapSerializer.serializeWithoutTypeInfo(MapSerializer.java:764) ~[jackson-databind-2.18.1.jar:2.18.1]
	at com.fasterxml.jackson.databind.ser.std.MapSerializer.serialize(MapSerializer.java:720) ~[jackson-databind-2.18.1.jar:2.18.1]
	at com.fasterxml.jackson.databind.ser.std.MapSerializer.serialize(MapSerializer.java:35) ~[jackson-databind-2.18.1.jar:2.18.1]
	at com.fasterxml.jackson.databind.ser.DefaultSerializerProvider._serialize(DefaultSerializerProvider.java:502) ~[jackson-databind-2.18.1.jar:2.18.1]
	at com.fasterxml.jackson.databind.ser.DefaultSerializerProvider.serializeValue(DefaultSerializerProvider.java:422) ~[jackson-databind-2.18.1.jar:2.18.1]
	at com.fasterxml.jackson.databind.ObjectWriter$Prefetch.serialize(ObjectWriter.java:1579) ~[jackson-databind-2.18.1.jar:2.18.1]
	at com.fasterxml.jackson.databind.ObjectWriter.writeValue(ObjectWriter.java:1061) ~[jackson-databind-2.18.1.jar:2.18.1]
	at org.springframework.http.converter.json.AbstractJackson2HttpMessageConverter.writeInternal(AbstractJackson2HttpMessageConverter.java:486) ~[spring-web-6.2.0.jar:6.2.0]
	at org.springframework.http.converter.AbstractGenericHttpMessageConverter.write(AbstractGenericHttpMessageConverter.java:126) ~[spring-web-6.2.0.jar:6.2.0]
	at org.springframework.web.servlet.mvc.method.annotation.AbstractMessageConverterMethodProcessor.writeWithMessageConverters(AbstractMessageConverterMethodProcessor.java:345) ~[spring-webmvc-6.2.0.jar:6.2.0]
	at org.springframework.web.servlet.mvc.method.annotation.HttpEntityMethodProcessor.handleReturnValue(HttpEntityMethodProcessor.java:261) ~[spring-webmvc-6.2.0.jar:6.2.0]
	at org.springframework.web.method.support.HandlerMethodReturnValueHandlerComposite.handleReturnValue(HandlerMethodReturnValueHandlerComposite.java:78) ~[spring-web-6.2.0.jar:6.2.0]
	at org.springframework.web.servlet.mvc.method.annotation.ServletInvocableHandlerMethod.invokeAndHandle(ServletInvocableHandlerMethod.java:136) ~[spring-webmvc-6.2.0.jar:6.2.0]
	at org.springframework.web.servlet.mvc.method.annotation.RequestMappingHandlerAdapter.invokeHandlerMethod(RequestMappingHandlerAdapter.java:986) ~[spring-webmvc-6.2.0.jar:6.2.0]
	at org.springframework.web.servlet.mvc.method.annotation.RequestMappingHandlerAdapter.handleInternal(RequestMappingHandlerAdapter.java:891) ~[spring-webmvc-6.2.0.jar:6.2.0]
	at org.springframework.web.servlet.mvc.method.AbstractHandlerMethodAdapter.handle(AbstractHandlerMethodAdapter.java:87) ~[spring-webmvc-6.2.0.jar:6.2.0]
	at org.springframework.web.servlet.DispatcherServlet.doDispatch(DispatcherServlet.java:1088) ~[spring-webmvc-6.2.0.jar:6.2.0]
	at org.springframework.web.servlet.DispatcherServlet.doService(DispatcherServlet.java:978) ~[spring-webmvc-6.2.0.jar:6.2.0]
	at org.springframework.web.servlet.FrameworkServlet.processRequest(FrameworkServlet.java:1014) ~[spring-webmvc-6.2.0.jar:6.2.0]
	at org.springframework.web.servlet.FrameworkServlet.doGet(FrameworkServlet.java:903) ~[spring-webmvc-6.2.0.jar:6.2.0]
	at jakarta.servlet.http.HttpServlet.service(HttpServlet.java:564) ~[tomcat-embed-core-10.1.33.jar:6.0]
	at org.springframework.web.servlet.FrameworkServlet.service(FrameworkServlet.java:885) ~[spring-webmvc-6.2.0.jar:6.2.0]
	at jakarta.servlet.http.HttpServlet.service(HttpServlet.java:658) ~[tomcat-embed-core-10.1.33.jar:6.0]
	at org.apache.catalina.core.ApplicationFilterChain.internalDoFilter(ApplicationFilterChain.java:195) ~[tomcat-embed-core-10.1.33.jar:10.1.33]
	at org.apache.catalina.core.ApplicationFilterChain.doFilter(ApplicationFilterChain.java:140) ~[tomcat-embed-core-10.1.33.jar:10.1.33]
	at org.apache.tomcat.websocket.server.WsFilter.doFilter(WsFilter.java:51) ~[tomcat-embed-websocket-10.1.33.jar:10.1.33]
	at org.apache.catalina.core.ApplicationFilterChain.internalDoFilter(ApplicationFilterChain.java:164) ~[tomcat-embed-core-10.1.33.jar:10.1.33]
	at org.apache.catalina.core.ApplicationFilterChain.doFilter(ApplicationFilterChain.java:140) ~[tomcat-embed-core-10.1.33.jar:10.1.33]
	at org.springframework.web.filter.OncePerRequestFilter.doFilter(OncePerRequestFilter.java:110) ~[spring-web-6.2.0.jar:6.2.0]
	at org.apache.catalina.core.ApplicationFilterChain.internalDoFilter(ApplicationFilterChain.java:164) ~[tomcat-embed-core-10.1.33.jar:10.1.33]
	at org.apache.catalina.core.ApplicationFilterChain.doFilter(ApplicationFilterChain.java:140) ~[tomcat-embed-core-10.1.33.jar:10.1.33]
	at org.springframework.web.filter.CompositeFilter$VirtualFilterChain.doFilter(CompositeFilter.java:108) ~[spring-web-6.2.0.jar:6.2.0]
	at org.springframework.security.web.FilterChainProxy.lambda$doFilterInternal$3(FilterChainProxy.java:231) ~[spring-security-web-6.4.1.jar:6.4.1]
	at org.springframework.security.web.FilterChainProxy$VirtualFilterChain.doFilter(FilterChainProxy.java:365) ~[spring-security-web-6.4.1.jar:6.4.1]
	at org.springframework.security.web.access.intercept.AuthorizationFilter.doFilter(AuthorizationFilter.java:101) ~[spring-security-web-6.4.1.jar:6.4.1]
	at org.springframework.security.web.FilterChainProxy$VirtualFilterChain.doFilter(FilterChainProxy.java:374) ~[spring-security-web-6.4.1.jar:6.4.1]
	at org.springframework.security.web.access.ExceptionTranslationFilter.doFilter(ExceptionTranslationFilter.java:126) ~[spring-security-web-6.4.1.jar:6.4.1]
	at org.springframework.security.web.access.ExceptionTranslationFilter.doFilter(ExceptionTranslationFilter.java:120) ~[spring-security-web-6.4.1.jar:6.4.1]
	at org.springframework.security.web.FilterChainProxy$VirtualFilterChain.doFilter(FilterChainProxy.java:374) ~[spring-security-web-6.4.1.jar:6.4.1]
	at org.springframework.security.web.session.SessionManagementFilter.doFilter(SessionManagementFilter.java:131) ~[spring-security-web-6.4.1.jar:6.4.1]
	at org.springframework.security.web.session.SessionManagementFilter.doFilter(SessionManagementFilter.java:85) ~[spring-security-web-6.4.1.jar:6.4.1]
	at org.springframework.security.web.FilterChainProxy$VirtualFilterChain.doFilter(FilterChainProxy.java:374) ~[spring-security-web-6.4.1.jar:6.4.1]
	at org.springframework.security.web.authentication.AnonymousAuthenticationFilter.doFilter(AnonymousAuthenticationFilter.java:100) ~[spring-security-web-6.4.1.jar:6.4.1]
	at org.springframework.security.web.FilterChainProxy$VirtualFilterChain.doFilter(FilterChainProxy.java:374) ~[spring-security-web-6.4.1.jar:6.4.1]
	at org.springframework.security.web.servletapi.SecurityContextHolderAwareRequestFilter.doFilter(SecurityContextHolderAwareRequestFilter.java:179) ~[spring-security-web-6.4.1.jar:6.4.1]
	at org.springframework.security.web.FilterChainProxy$VirtualFilterChain.doFilter(FilterChainProxy.java:374) ~[spring-security-web-6.4.1.jar:6.4.1]
	at org.springframework.security.web.savedrequest.RequestCacheAwareFilter.doFilter(RequestCacheAwareFilter.java:63) ~[spring-security-web-6.4.1.jar:6.4.1]
	at org.springframework.security.web.FilterChainProxy$VirtualFilterChain.doFilter(FilterChainProxy.java:374) ~[spring-security-web-6.4.1.jar:6.4.1]
	at com.nexashop.backend.security.JwtAuthenticationFilter.doFilterInternal(JwtAuthenticationFilter.java:65) ~[classes/:na]
	at org.springframework.web.filter.OncePerRequestFilter.doFilter(OncePerRequestFilter.java:116) ~[spring-web-6.2.0.jar:6.2.0]
	at org.springframework.security.web.FilterChainProxy$VirtualFilterChain.doFilter(FilterChainProxy.java:374) ~[spring-security-web-6.4.1.jar:6.4.1]
	at org.springframework.security.web.authentication.logout.LogoutFilter.doFilter(LogoutFilter.java:107) ~[spring-security-web-6.4.1.jar:6.4.1]
	at org.springframework.security.web.authentication.logout.LogoutFilter.doFilter(LogoutFilter.java:93) ~[spring-security-web-6.4.1.jar:6.4.1]
	at org.springframework.security.web.FilterChainProxy$VirtualFilterChain.doFilter(FilterChainProxy.java:374) ~[spring-security-web-6.4.1.jar:6.4.1]
	at org.springframework.web.filter.CorsFilter.doFilterInternal(CorsFilter.java:91) ~[spring-web-6.2.0.jar:6.2.0]
	at org.springframework.web.filter.OncePerRequestFilter.doFilter(OncePerRequestFilter.java:116) ~[spring-web-6.2.0.jar:6.2.0]
	at org.springframework.security.web.FilterChainProxy$VirtualFilterChain.doFilter(FilterChainProxy.java:374) ~[spring-security-web-6.4.1.jar:6.4.1]
	at org.springframework.security.web.header.HeaderWriterFilter.doHeadersAfter(HeaderWriterFilter.java:90) ~[spring-security-web-6.4.1.jar:6.4.1]
	at org.springframework.security.web.header.HeaderWriterFilter.doFilterInternal(HeaderWriterFilter.java:75) ~[spring-security-web-6.4.1.jar:6.4.1]
	at org.springframework.web.filter.OncePerRequestFilter.doFilter(OncePerRequestFilter.java:116) ~[spring-web-6.2.0.jar:6.2.0]
	at org.springframework.security.web.FilterChainProxy$VirtualFilterChain.doFilter(FilterChainProxy.java:374) ~[spring-security-web-6.4.1.jar:6.4.1]
	at org.springframework.security.web.context.SecurityContextHolderFilter.doFilter(SecurityContextHolderFilter.java:82) ~[spring-security-web-6.4.1.jar:6.4.1]
	at org.springframework.security.web.context.SecurityContextHolderFilter.doFilter(SecurityContextHolderFilter.java:69) ~[spring-security-web-6.4.1.jar:6.4.1]
	at org.springframework.security.web.FilterChainProxy$VirtualFilterChain.doFilter(FilterChainProxy.java:374) ~[spring-security-web-6.4.1.jar:6.4.1]
	at org.springframework.security.web.context.request.async.WebAsyncManagerIntegrationFilter.doFilterInternal(WebAsyncManagerIntegrationFilter.java:62) ~[spring-security-web-6.4.1.jar:6.4.1]
	at org.springframework.web.filter.OncePerRequestFilter.doFilter(OncePerRequestFilter.java:116) ~[spring-web-6.2.0.jar:6.2.0]
	at org.springframework.security.web.FilterChainProxy$VirtualFilterChain.doFilter(FilterChainProxy.java:374) ~[spring-security-web-6.4.1.jar:6.4.1]
	at org.springframework.security.web.session.DisableEncodeUrlFilter.doFilterInternal(DisableEncodeUrlFilter.java:42) ~[spring-security-web-6.4.1.jar:6.4.1]
	at org.springframework.web.filter.OncePerRequestFilter.doFilter(OncePerRequestFilter.java:116) ~[spring-web-6.2.0.jar:6.2.0]
	at org.springframework.security.web.FilterChainProxy$VirtualFilterChain.doFilter(FilterChainProxy.java:374) ~[spring-security-web-6.4.1.jar:6.4.1]
	at org.springframework.security.web.FilterChainProxy.doFilterInternal(FilterChainProxy.java:233) ~[spring-security-web-6.4.1.jar:6.4.1]
	at org.springframework.security.web.FilterChainProxy.doFilter(FilterChainProxy.java:191) ~[spring-security-web-6.4.1.jar:6.4.1]
	at org.springframework.web.filter.CompositeFilter$VirtualFilterChain.doFilter(CompositeFilter.java:113) ~[spring-web-6.2.0.jar:6.2.0]
	at org.springframework.web.servlet.handler.HandlerMappingIntrospector.lambda$createCacheFilter$3(HandlerMappingIntrospector.java:243) ~[spring-webmvc-6.2.0.jar:6.2.0]
	at org.springframework.web.filter.CompositeFilter$VirtualFilterChain.doFilter(CompositeFilter.java:113) ~[spring-web-6.2.0.jar:6.2.0]
	at org.springframework.web.filter.CompositeFilter.doFilter(CompositeFilter.java:74) ~[spring-web-6.2.0.jar:6.2.0]
	at org.springframework.security.config.annotation.web.configuration.WebMvcSecurityConfiguration$CompositeFilterChainProxy.doFilter(WebMvcSecurityConfiguration.java:238) ~[spring-security-config-6.4.1.jar:6.4.1]
	at org.springframework.web.filter.DelegatingFilterProxy.invokeDelegate(DelegatingFilterProxy.java:362) ~[spring-web-6.2.0.jar:6.2.0]
	at org.springframework.web.filter.DelegatingFilterProxy.doFilter(DelegatingFilterProxy.java:278) ~[spring-web-6.2.0.jar:6.2.0]
	at org.apache.catalina.core.ApplicationFilterChain.internalDoFilter(ApplicationFilterChain.java:164) ~[tomcat-embed-core-10.1.33.jar:10.1.33]
	at org.apache.catalina.core.ApplicationFilterChain.doFilter(ApplicationFilterChain.java:140) ~[tomcat-embed-core-10.1.33.jar:10.1.33]
	at org.springframework.web.filter.RequestContextFilter.doFilterInternal(RequestContextFilter.java:100) ~[spring-web-6.2.0.jar:6.2.0]
	at org.springframework.web.filter.OncePerRequestFilter.doFilter(OncePerRequestFilter.java:116) ~[spring-web-6.2.0.jar:6.2.0]
	at org.apache.catalina.core.ApplicationFilterChain.internalDoFilter(ApplicationFilterChain.java:164) ~[tomcat-embed-core-10.1.33.jar:10.1.33]
	at org.apache.catalina.core.ApplicationFilterChain.doFilter(ApplicationFilterChain.java:140) ~[tomcat-embed-core-10.1.33.jar:10.1.33]
	at org.springframework.web.filter.FormContentFilter.doFilterInternal(FormContentFilter.java:93) ~[spring-web-6.2.0.jar:6.2.0]
	at org.springframework.web.filter.OncePerRequestFilter.doFilter(OncePerRequestFilter.java:116) ~[spring-web-6.2.0.jar:6.2.0]
	at org.apache.catalina.core.ApplicationFilterChain.internalDoFilter(ApplicationFilterChain.java:164) ~[tomcat-embed-core-10.1.33.jar:10.1.33]
	at org.apache.catalina.core.ApplicationFilterChain.doFilter(ApplicationFilterChain.java:140) ~[tomcat-embed-core-10.1.33.jar:10.1.33]
	at org.springframework.web.filter.CharacterEncodingFilter.doFilterInternal(CharacterEncodingFilter.java:201) ~[spring-web-6.2.0.jar:6.2.0]
	at org.springframework.web.filter.OncePerRequestFilter.doFilter(OncePerRequestFilter.java:116) ~[spring-web-6.2.0.jar:6.2.0]
	at org.apache.catalina.core.ApplicationFilterChain.internalDoFilter(ApplicationFilterChain.java:164) ~[tomcat-embed-core-10.1.33.jar:10.1.33]
	at org.apache.catalina.core.ApplicationFilterChain.doFilter(ApplicationFilterChain.java:140) ~[tomcat-embed-core-10.1.33.jar:10.1.33]
	at org.apache.catalina.core.StandardWrapperValve.invoke(StandardWrapperValve.java:167) ~[tomcat-embed-core-10.1.33.jar:10.1.33]
	at org.apache.catalina.core.StandardContextValve.invoke(StandardContextValve.java:90) ~[tomcat-embed-core-10.1.33.jar:10.1.33]
	at org.apache.catalina.authenticator.AuthenticatorBase.invoke(AuthenticatorBase.java:483) ~[tomcat-embed-core-10.1.33.jar:10.1.33]
	at org.apache.catalina.core.StandardHostValve.invoke(StandardHostValve.java:115) ~[tomcat-embed-core-10.1.33.jar:10.1.33]
	at org.apache.catalina.valves.ErrorReportValve.invoke(ErrorReportValve.java:93) ~[tomcat-embed-core-10.1.33.jar:10.1.33]
	at org.apache.catalina.core.StandardEngineValve.invoke(StandardEngineValve.java:74) ~[tomcat-embed-core-10.1.33.jar:10.1.33]
	at org.apache.catalina.connector.CoyoteAdapter.service(CoyoteAdapter.java:344) ~[tomcat-embed-core-10.1.33.jar:10.1.33]
	at org.apache.coyote.http11.Http11Processor.service(Http11Processor.java:397) ~[tomcat-embed-core-10.1.33.jar:10.1.33]
	at org.apache.coyote.AbstractProcessorLight.process(AbstractProcessorLight.java:63) ~[tomcat-embed-core-10.1.33.jar:10.1.33]
	at org.apache.coyote.AbstractProtocol$ConnectionHandler.process(AbstractProtocol.java:905) ~[tomcat-embed-core-10.1.33.jar:10.1.33]
	at org.apache.tomcat.util.net.NioEndpoint$SocketProcessor.doRun(NioEndpoint.java:1741) ~[tomcat-embed-core-10.1.33.jar:10.1.33]
	at org.apache.tomcat.util.net.SocketProcessorBase.run(SocketProcessorBase.java:52) ~[tomcat-embed-core-10.1.33.jar:10.1.33]
	at org.apache.tomcat.util.threads.ThreadPoolExecutor.runWorker(ThreadPoolExecutor.java:1190) ~[tomcat-embed-core-10.1.33.jar:10.1.33]
	at org.apache.tomcat.util.threads.ThreadPoolExecutor$Worker.run(ThreadPoolExecutor.java:659) ~[tomcat-embed-core-10.1.33.jar:10.1.33]
	at org.apache.tomcat.util.threads.TaskThread$WrappingRunnable.run(TaskThread.java:63) ~[tomcat-embed-core-10.1.33.jar:10.1.33]
	at java.base/java.lang.Thread.run(Thread.java:1447) ~[na:na]

2025-12-07T10:09:56.844+05:30 DEBUG 10820 --- [Nexashop] [http-nio-8080-exec-1] o.s.security.web.FilterChainProxy        : Securing GET /error?limit=5&offset=0
2025-12-07T10:09:56.878+05:30 DEBUG 10820 --- [Nexashop] [http-nio-8080-exec-1] o.s.security.web.FilterChainProxy        : Secured GET /error?limit=5&offset=0
2025-12-07T10:09:56.879+05:30 DEBUG 10820 --- [Nexashop] [http-nio-8080-exec-1] o.s.web.servlet.DispatcherServlet        : "ERROR" dispatch for GET "/error?limit=5&offset=0", parameters={masked}
2025-12-07T10:09:56.879+05:30 DEBUG 10820 --- [Nexashop] [http-nio-8080-exec-1] s.w.s.m.m.a.RequestMappingHandlerMapping : Mapped to org.springframework.boot.autoconfigure.web.servlet.error.BasicErrorController#error(HttpServletRequest)
2025-12-07T10:09:56.881+05:30 DEBUG 10820 --- [Nexashop] [http-nio-8080-exec-1] o.s.w.s.m.m.a.HttpEntityMethodProcessor  : Found 'Content-Type:application/json' in response
2025-12-07T10:09:56.882+05:30 DEBUG 10820 --- [Nexashop] [http-nio-8080-exec-1] o.s.w.s.m.m.a.HttpEntityMethodProcessor  : Writing [{timestamp=Sun Dec 07 10:09:56 IST 2025, status=500, error=Internal Server Error, path=/api/products (truncated)...]
2025-12-07T10:09:56.884+05:30 DEBUG 10820 --- [Nexashop] [http-nio-8080-exec-1] o.s.web.servlet.DispatcherServlet        : Exiting from "ERROR" dispatch, status 500
2025-12-07T10:09:56.885+05:30 DEBUG 10820 --- [Nexashop] [http-nio-8080-exec-1] o.s.s.w.a.AnonymousAuthenticationFilter  : Set SecurityContextHolder to anonymous SecurityContext
2025-12-07T10:10:20.450+05:30  INFO 10820 --- [Nexashop] [SpringApplicationShutdownHook] o.s.b.w.e.tomcat.GracefulShutdown        : Commencing graceful shutdown. Waiting for active requests to complete
2025-12-07T10:10:20.463+05:30  INFO 10820 --- [Nexashop] [tomcat-shutdown] o.s.b.w.e.tomcat.GracefulShutdown        : Graceful shutdown complete
2025-12-07T10:10:20.468+05:30  INFO 10820 --- [Nexashop] [SpringApplicationShutdownHook] j.LocalContainerEntityManagerFactoryBean : Closing JPA EntityManagerFactory for persistence unit 'default'
2025-12-07T10:10:20.473+05:30  INFO 10820 --- [Nexashop] [SpringApplicationShutdownHook] com.zaxxer.hikari.HikariDataSource       : HikariPool-1 - Shutdown initiated...
2025-12-07T10:10:20.485+05:30  INFO 10820 --- [Nexashop] [SpringApplicationShutdownHook] com.zaxxer.hikari.HikariDataSource       : HikariPool-1 - Shutdown completed.
2025-12-07T10:12:38.179+05:30  INFO 23936 --- [Nexashop] [main] c.nexashop.backend.NexaShopApplication   : Starting NexaShopApplication using Java 24.0.1 with PID 23936 (D:\tech\NexaShop\server\target\classes started by thewe in D:\tech\NexaShop\server)
2025-12-07T10:12:38.181+05:30 DEBUG 23936 --- [Nexashop] [main] c.nexashop.backend.NexaShopApplication   : Running with Spring Boot v3.4.0, Spring v6.2.0
2025-12-07T10:12:38.183+05:30  INFO 23936 --- [Nexashop] [main] c.nexashop.backend.NexaShopApplication   : No active profile set, falling back to 1 default profile: "default"
2025-12-07T10:12:39.443+05:30  INFO 23936 --- [Nexashop] [main] .s.d.r.c.RepositoryConfigurationDelegate : Bootstrapping Spring Data JPA repositories in DEFAULT mode.
2025-12-07T10:12:39.533+05:30  INFO 23936 --- [Nexashop] [main] .s.d.r.c.RepositoryConfigurationDelegate : Finished Spring Data repository scanning in 78 ms. Found 5 JPA repository interfaces.
2025-12-07T10:12:40.189+05:30  INFO 23936 --- [Nexashop] [main] o.s.b.w.embedded.tomcat.TomcatWebServer  : Tomcat initialized with port 8080 (http)
2025-12-07T10:12:40.207+05:30  INFO 23936 --- [Nexashop] [main] o.apache.catalina.core.StandardService   : Starting service [Tomcat]
2025-12-07T10:12:40.208+05:30  INFO 23936 --- [Nexashop] [main] o.apache.catalina.core.StandardEngine    : Starting Servlet engine: [Apache Tomcat/10.1.33]
2025-12-07T10:12:40.299+05:30  INFO 23936 --- [Nexashop] [main] o.a.c.c.C.[Tomcat].[localhost].[/]       : Initializing Spring embedded WebApplicationContext
2025-12-07T10:12:40.299+05:30  INFO 23936 --- [Nexashop] [main] w.s.c.ServletWebServerApplicationContext : Root WebApplicationContext: initialization completed in 2030 ms
2025-12-07T10:12:40.393+05:30 DEBUG 23936 --- [Nexashop] [main] c.n.b.security.JwtAuthenticationFilter   : Filter 'jwtAuthenticationFilter' configured for use
2025-12-07T10:12:40.515+05:30  INFO 23936 --- [Nexashop] [main] o.hibernate.jpa.internal.util.LogHelper  : HHH000204: Processing PersistenceUnitInfo [name: default]
2025-12-07T10:12:40.600+05:30  INFO 23936 --- [Nexashop] [main] org.hibernate.Version                    : HHH000412: Hibernate ORM core version 6.6.2.Final
2025-12-07T10:12:40.637+05:30  INFO 23936 --- [Nexashop] [main] o.h.c.internal.RegionFactoryInitiator    : HHH000026: Second-level cache disabled
2025-12-07T10:12:40.926+05:30  INFO 23936 --- [Nexashop] [main] o.s.o.j.p.SpringPersistenceUnitInfo      : No LoadTimeWeaver setup: ignoring JPA class transformer
2025-12-07T10:12:40.958+05:30  INFO 23936 --- [Nexashop] [main] com.zaxxer.hikari.HikariDataSource       : HikariPool-1 - Starting...
2025-12-07T10:12:41.151+05:30  INFO 23936 --- [Nexashop] [main] com.zaxxer.hikari.pool.HikariPool        : HikariPool-1 - Added connection com.mysql.cj.jdbc.ConnectionImpl@5c0e2ec
2025-12-07T10:12:41.153+05:30  INFO 23936 --- [Nexashop] [main] com.zaxxer.hikari.HikariDataSource       : HikariPool-1 - Start completed.
2025-12-07T10:12:41.195+05:30  WARN 23936 --- [Nexashop] [main] org.hibernate.dialect.Dialect            : HHH000511: The 5.5.5 version for [org.hibernate.dialect.MySQLDialect] is no longer supported, hence certain features may not work properly. The minimum supported version is 8.0.0. Check the community dialects project for available legacy versions.
2025-12-07T10:12:41.203+05:30  WARN 23936 --- [Nexashop] [main] org.hibernate.orm.deprecation            : HHH90000025: MySQLDialect does not need to be specified explicitly using 'hibernate.dialect' (remove the property setting and it will be selected by default)
2025-12-07T10:12:41.227+05:30  INFO 23936 --- [Nexashop] [main] org.hibernate.orm.connections.pooling    : HHH10001005: Database info:
	Database JDBC URL [Connecting through datasource 'HikariDataSource (HikariPool-1)']
	Database driver: undefined/unknown
	Database version: 5.5.5
	Autocommit mode: undefined/unknown
	Isolation level: undefined/unknown
	Minimum pool size: undefined/unknown
	Maximum pool size: undefined/unknown
2025-12-07T10:12:41.984+05:30  INFO 23936 --- [Nexashop] [main] o.h.e.t.j.p.i.JtaPlatformInitiator       : HHH000489: No JTA platform available (set 'hibernate.transaction.jta.platform' to enable JTA platform integration)
2025-12-07T10:12:42.074+05:30  INFO 23936 --- [Nexashop] [main] j.LocalContainerEntityManagerFactoryBean : Initialized JPA EntityManagerFactory for persistence unit 'default'
2025-12-07T10:12:42.563+05:30  WARN 23936 --- [Nexashop] [main] JpaBaseConfiguration$JpaWebConfiguration : spring.jpa.open-in-view is enabled by default. Therefore, database queries may be performed during view rendering. Explicitly configure spring.jpa.open-in-view to disable this warning
2025-12-07T10:12:42.576+05:30  WARN 23936 --- [Nexashop] [main] .s.s.UserDetailsServiceAutoConfiguration : 

Using generated security password: 681c2e50-b6de-418c-9741-5513e53adaf0

This generated password is for development use only. Your security configuration must be updated before running your application in production.

2025-12-07T10:12:42.588+05:30  INFO 23936 --- [Nexashop] [main] r$InitializeUserDetailsManagerConfigurer : Global AuthenticationManager configured with UserDetailsService bean with name inMemoryUserDetailsManager
2025-12-07T10:12:42.766+05:30 DEBUG 23936 --- [Nexashop] [main] s.w.s.m.m.a.RequestMappingHandlerMapping : 29 mappings in 'requestMappingHandlerMapping'
2025-12-07T10:12:42.826+05:30 DEBUG 23936 --- [Nexashop] [main] o.s.w.s.handler.SimpleUrlHandlerMapping  : Patterns [/webjars/**, /**, /uploads/**, /swagger-ui*/*swagger-initializer.js, /swagger-ui*/**] in 'resourceHandlerMapping'
2025-12-07T10:12:42.888+05:30 DEBUG 23936 --- [Nexashop] [main] o.s.s.web.DefaultSecurityFilterChain     : Will secure any request with filters: DisableEncodeUrlFilter, WebAsyncManagerIntegrationFilter, SecurityContextHolderFilter, HeaderWriterFilter, CorsFilter, LogoutFilter, JwtAuthenticationFilter, RequestCacheAwareFilter, SecurityContextHolderAwareRequestFilter, AnonymousAuthenticationFilter, SessionManagementFilter, ExceptionTranslationFilter, AuthorizationFilter
2025-12-07T10:12:42.957+05:30 DEBUG 23936 --- [Nexashop] [main] s.w.s.m.m.a.RequestMappingHandlerAdapter : ControllerAdvice beans: 0 @ModelAttribute, 0 @InitBinder, 1 RequestBodyAdvice, 1 ResponseBodyAdvice
2025-12-07T10:12:43.014+05:30 DEBUG 23936 --- [Nexashop] [main] .m.m.a.ExceptionHandlerExceptionResolver : ControllerAdvice beans: 1 @ExceptionHandler, 1 ResponseBodyAdvice
2025-12-07T10:12:43.194+05:30  INFO 23936 --- [Nexashop] [main] o.s.b.w.embedded.tomcat.TomcatWebServer  : Tomcat started on port 8080 (http) with context path '/'
2025-12-07T10:12:43.201+05:30  INFO 23936 --- [Nexashop] [main] c.nexashop.backend.NexaShopApplication   : Started NexaShopApplication in 5.643 seconds (process running for 5.984)
2025-12-07T10:12:53.237+05:30  INFO 23936 --- [Nexashop] [http-nio-8080-exec-1] o.a.c.c.C.[Tomcat].[localhost].[/]       : Initializing Spring DispatcherServlet 'dispatcherServlet'
2025-12-07T10:12:53.238+05:30  INFO 23936 --- [Nexashop] [http-nio-8080-exec-1] o.s.web.servlet.DispatcherServlet        : Initializing Servlet 'dispatcherServlet'
2025-12-07T10:12:53.238+05:30 DEBUG 23936 --- [Nexashop] [http-nio-8080-exec-1] o.s.web.servlet.DispatcherServlet        : Detected StandardServletMultipartResolver
2025-12-07T10:12:53.238+05:30 DEBUG 23936 --- [Nexashop] [http-nio-8080-exec-1] o.s.web.servlet.DispatcherServlet        : Detected AcceptHeaderLocaleResolver
2025-12-07T10:12:53.238+05:30 DEBUG 23936 --- [Nexashop] [http-nio-8080-exec-1] o.s.web.servlet.DispatcherServlet        : Detected FixedThemeResolver
2025-12-07T10:12:53.240+05:30 DEBUG 23936 --- [Nexashop] [http-nio-8080-exec-1] o.s.web.servlet.DispatcherServlet        : Detected org.springframework.web.servlet.view.DefaultRequestToViewNameTranslator@623be2a0
2025-12-07T10:12:53.240+05:30 DEBUG 23936 --- [Nexashop] [http-nio-8080-exec-1] o.s.web.servlet.DispatcherServlet        : Detected org.springframework.web.servlet.support.SessionFlashMapManager@21b792c2
2025-12-07T10:12:53.241+05:30 DEBUG 23936 --- [Nexashop] [http-nio-8080-exec-1] o.s.web.servlet.DispatcherServlet        : enableLoggingRequestDetails='false': request parameters and headers will be masked to prevent unsafe logging of potentially sensitive data
2025-12-07T10:12:53.241+05:30  INFO 23936 --- [Nexashop] [http-nio-8080-exec-1] o.s.web.servlet.DispatcherServlet        : Completed initialization in 3 ms
2025-12-07T10:12:53.262+05:30 DEBUG 23936 --- [Nexashop] [http-nio-8080-exec-1] o.s.security.web.FilterChainProxy        : Securing OPTIONS /api/categories
2025-12-07T10:12:53.262+05:30 DEBUG 23936 --- [Nexashop] [http-nio-8080-exec-4] o.s.security.web.FilterChainProxy        : Securing OPTIONS /api/products/seller?limit=5&offset=0
2025-12-07T10:12:53.311+05:30 DEBUG 23936 --- [Nexashop] [http-nio-8080-exec-3] o.s.security.web.FilterChainProxy        : Securing GET /api/categories
2025-12-07T10:12:53.311+05:30 DEBUG 23936 --- [Nexashop] [http-nio-8080-exec-2] o.s.security.web.FilterChainProxy        : Securing GET /api/products/seller?limit=5&offset=0
2025-12-07T10:12:53.436+05:30 DEBUG 23936 --- [Nexashop] [http-nio-8080-exec-3] o.s.security.web.FilterChainProxy        : Secured GET /api/categories
2025-12-07T10:12:53.436+05:30 DEBUG 23936 --- [Nexashop] [http-nio-8080-exec-2] o.s.security.web.FilterChainProxy        : Secured GET /api/products/seller?limit=5&offset=0
2025-12-07T10:12:53.438+05:30 DEBUG 23936 --- [Nexashop] [http-nio-8080-exec-3] o.s.web.servlet.DispatcherServlet        : GET "/api/categories", parameters={}
2025-12-07T10:12:53.438+05:30 DEBUG 23936 --- [Nexashop] [http-nio-8080-exec-2] o.s.web.servlet.DispatcherServlet        : GET "/api/products/seller?limit=5&offset=0", parameters={masked}
2025-12-07T10:12:53.440+05:30 DEBUG 23936 --- [Nexashop] [http-nio-8080-exec-2] s.w.s.m.m.a.RequestMappingHandlerMapping : Mapped to com.nexashop.backend.controller.ProductController#getSellerProducts(String, String, String, int, int)
2025-12-07T10:12:53.440+05:30 DEBUG 23936 --- [Nexashop] [http-nio-8080-exec-3] s.w.s.m.m.a.RequestMappingHandlerMapping : Mapped to com.nexashop.backend.controller.CategoryController#getAllCategories()
2025-12-07T10:12:53.605+05:30 DEBUG 23936 --- [Nexashop] [http-nio-8080-exec-3] o.s.w.s.m.m.a.HttpEntityMethodProcessor  : Using 'application/json', given [application/json] and supported [application/json, application/*+json, application/yaml]
2025-12-07T10:12:53.608+05:30 DEBUG 23936 --- [Nexashop] [http-nio-8080-exec-3] o.s.w.s.m.m.a.HttpEntityMethodProcessor  : Writing [[com.nexashop.backend.entity.Category@2043365e, com.nexashop.backend.entity.Category@5c010dfb, com.n (truncated)...]
2025-12-07T10:12:53.617+05:30 DEBUG 23936 --- [Nexashop] [http-nio-8080-exec-2] o.s.w.s.m.m.a.HttpEntityMethodProcessor  : Using 'application/json', given [application/json] and supported [application/json, application/*+json, application/yaml]
2025-12-07T10:12:53.620+05:30 DEBUG 23936 --- [Nexashop] [http-nio-8080-exec-2] o.s.w.s.m.m.a.HttpEntityMethodProcessor  : Writing [{total=24, pageSize=5, page=1, products=[com.nexashop.backend.entity.Product@32a4c579, com.nexashop. (truncated)...]
2025-12-07T10:12:53.693+05:30 DEBUG 23936 --- [Nexashop] [http-nio-8080-exec-3] o.s.web.servlet.DispatcherServlet        : Completed 200 OK
2025-12-07T10:12:53.713+05:30 DEBUG 23936 --- [Nexashop] [http-nio-8080-exec-2] o.s.web.servlet.DispatcherServlet        : Completed 200 OK
2025-12-07T10:12:56.962+05:30 DEBUG 23936 --- [Nexashop] [http-nio-8080-exec-5] o.s.security.web.FilterChainProxy        : Securing OPTIONS /api/products/seller?limit=5&offset=5
2025-12-07T10:12:56.966+05:30 DEBUG 23936 --- [Nexashop] [http-nio-8080-exec-6] o.s.security.web.FilterChainProxy        : Securing GET /api/products/seller?limit=5&offset=5
2025-12-07T10:12:56.972+05:30 DEBUG 23936 --- [Nexashop] [http-nio-8080-exec-6] o.s.security.web.FilterChainProxy        : Secured GET /api/products/seller?limit=5&offset=5
2025-12-07T10:12:56.972+05:30 DEBUG 23936 --- [Nexashop] [http-nio-8080-exec-6] o.s.web.servlet.DispatcherServlet        : GET "/api/products/seller?limit=5&offset=5", parameters={masked}
2025-12-07T10:12:56.973+05:30 DEBUG 23936 --- [Nexashop] [http-nio-8080-exec-6] s.w.s.m.m.a.RequestMappingHandlerMapping : Mapped to com.nexashop.backend.controller.ProductController#getSellerProducts(String, String, String, int, int)
2025-12-07T10:12:56.992+05:30 DEBUG 23936 --- [Nexashop] [http-nio-8080-exec-6] o.s.w.s.m.m.a.HttpEntityMethodProcessor  : Using 'application/json', given [application/json] and supported [application/json, application/*+json, application/yaml]
2025-12-07T10:12:56.993+05:30 DEBUG 23936 --- [Nexashop] [http-nio-8080-exec-6] o.s.w.s.m.m.a.HttpEntityMethodProcessor  : Writing [{total=24, pageSize=5, page=2, products=[com.nexashop.backend.entity.Product@631ad4f7, com.nexashop. (truncated)...]
2025-12-07T10:12:57.002+05:30 DEBUG 23936 --- [Nexashop] [http-nio-8080-exec-6] o.s.web.servlet.DispatcherServlet        : Completed 200 OK
2025-12-07T10:12:58.669+05:30 DEBUG 23936 --- [Nexashop] [http-nio-8080-exec-7] o.s.security.web.FilterChainProxy        : Securing OPTIONS /api/products/seller?limit=5&offset=10
2025-12-07T10:12:58.674+05:30 DEBUG 23936 --- [Nexashop] [http-nio-8080-exec-9] o.s.security.web.FilterChainProxy        : Securing GET /api/products/seller?limit=5&offset=10
2025-12-07T10:12:58.685+05:30 DEBUG 23936 --- [Nexashop] [http-nio-8080-exec-9] o.s.security.web.FilterChainProxy        : Secured GET /api/products/seller?limit=5&offset=10
2025-12-07T10:12:58.687+05:30 DEBUG 23936 --- [Nexashop] [http-nio-8080-exec-9] o.s.web.servlet.DispatcherServlet        : GET "/api/products/seller?limit=5&offset=10", parameters={masked}
2025-12-07T10:12:58.688+05:30 DEBUG 23936 --- [Nexashop] [http-nio-8080-exec-9] s.w.s.m.m.a.RequestMappingHandlerMapping : Mapped to com.nexashop.backend.controller.ProductController#getSellerProducts(String, String, String, int, int)
2025-12-07T10:12:58.708+05:30 DEBUG 23936 --- [Nexashop] [http-nio-8080-exec-9] o.s.w.s.m.m.a.HttpEntityMethodProcessor  : Using 'application/json', given [application/json] and supported [application/json, application/*+json, application/yaml]
2025-12-07T10:12:58.709+05:30 DEBUG 23936 --- [Nexashop] [http-nio-8080-exec-9] o.s.w.s.m.m.a.HttpEntityMethodProcessor  : Writing [{total=24, pageSize=5, page=3, products=[com.nexashop.backend.entity.Product@1b0be56, com.nexashop.b (truncated)...]
2025-12-07T10:12:58.713+05:30 DEBUG 23936 --- [Nexashop] [http-nio-8080-exec-9] o.s.web.servlet.DispatcherServlet        : Completed 200 OK
2025-12-07T10:13:00.659+05:30 DEBUG 23936 --- [Nexashop] [http-nio-8080-exec-4] o.s.security.web.FilterChainProxy        : Securing OPTIONS /api/products/seller?category=Mobile+Phones&limit=5&offset=0
2025-12-07T10:13:00.719+05:30 DEBUG 23936 --- [Nexashop] [http-nio-8080-exec-1] o.s.security.web.FilterChainProxy        : Securing GET /api/products/seller?category=Mobile+Phones&limit=5&offset=0
2025-12-07T10:13:00.728+05:30 DEBUG 23936 --- [Nexashop] [http-nio-8080-exec-1] o.s.security.web.FilterChainProxy        : Secured GET /api/products/seller?category=Mobile+Phones&limit=5&offset=0
2025-12-07T10:13:00.729+05:30 DEBUG 23936 --- [Nexashop] [http-nio-8080-exec-1] o.s.web.servlet.DispatcherServlet        : GET "/api/products/seller?category=Mobile+Phones&limit=5&offset=0", parameters={masked}
2025-12-07T10:13:00.730+05:30 DEBUG 23936 --- [Nexashop] [http-nio-8080-exec-1] s.w.s.m.m.a.RequestMappingHandlerMapping : Mapped to com.nexashop.backend.controller.ProductController#getSellerProducts(String, String, String, int, int)
2025-12-07T10:13:00.792+05:30 DEBUG 23936 --- [Nexashop] [http-nio-8080-exec-1] o.s.w.s.m.m.a.HttpEntityMethodProcessor  : Using 'application/json', given [application/json] and supported [application/json, application/*+json, application/yaml]
2025-12-07T10:13:00.793+05:30 DEBUG 23936 --- [Nexashop] [http-nio-8080-exec-1] o.s.w.s.m.m.a.HttpEntityMethodProcessor  : Writing [{total=14, pageSize=5, page=1, products=[com.nexashop.backend.entity.Product@54c0a797, com.nexashop. (truncated)...]
2025-12-07T10:13:00.801+05:30 DEBUG 23936 --- [Nexashop] [http-nio-8080-exec-1] o.s.web.servlet.DispatcherServlet        : Completed 200 OK
2025-12-07T10:13:05.329+05:30 DEBUG 23936 --- [Nexashop] [http-nio-8080-exec-2] o.s.security.web.FilterChainProxy        : Securing OPTIONS /api/products/seller?category=Mobile+Phones&limit=5&offset=5
2025-12-07T10:13:05.332+05:30 DEBUG 23936 --- [Nexashop] [http-nio-8080-exec-5] o.s.security.web.FilterChainProxy        : Securing GET /api/products/seller?category=Mobile+Phones&limit=5&offset=5
2025-12-07T10:13:05.347+05:30 DEBUG 23936 --- [Nexashop] [http-nio-8080-exec-5] o.s.security.web.FilterChainProxy        : Secured GET /api/products/seller?category=Mobile+Phones&limit=5&offset=5
2025-12-07T10:13:05.350+05:30 DEBUG 23936 --- [Nexashop] [http-nio-8080-exec-5] o.s.web.servlet.DispatcherServlet        : GET "/api/products/seller?category=Mobile+Phones&limit=5&offset=5", parameters={masked}
2025-12-07T10:13:05.352+05:30 DEBUG 23936 --- [Nexashop] [http-nio-8080-exec-5] s.w.s.m.m.a.RequestMappingHandlerMapping : Mapped to com.nexashop.backend.controller.ProductController#getSellerProducts(String, String, String, int, int)
2025-12-07T10:13:05.398+05:30 DEBUG 23936 --- [Nexashop] [http-nio-8080-exec-5] o.s.w.s.m.m.a.HttpEntityMethodProcessor  : Using 'application/json', given [application/json] and supported [application/json, application/*+json, application/yaml]
2025-12-07T10:13:05.399+05:30 DEBUG 23936 --- [Nexashop] [http-nio-8080-exec-5] o.s.w.s.m.m.a.HttpEntityMethodProcessor  : Writing [{total=14, pageSize=5, page=2, products=[com.nexashop.backend.entity.Product@792d1a62, com.nexashop. (truncated)...]
2025-12-07T10:13:05.401+05:30 DEBUG 23936 --- [Nexashop] [http-nio-8080-exec-5] o.s.web.servlet.DispatcherServlet        : Completed 200 OK
2025-12-07T10:13:06.626+05:30 DEBUG 23936 --- [Nexashop] [http-nio-8080-exec-6] o.s.security.web.FilterChainProxy        : Securing OPTIONS /api/products/seller?category=Mobile+Phones&limit=5&offset=10
2025-12-07T10:13:06.629+05:30 DEBUG 23936 --- [Nexashop] [http-nio-8080-exec-10] o.s.security.web.FilterChainProxy        : Securing GET /api/products/seller?category=Mobile+Phones&limit=5&offset=10
2025-12-07T10:13:06.638+05:30 DEBUG 23936 --- [Nexashop] [http-nio-8080-exec-10] o.s.security.web.FilterChainProxy        : Secured GET /api/products/seller?category=Mobile+Phones&limit=5&offset=10
2025-12-07T10:13:06.638+05:30 DEBUG 23936 --- [Nexashop] [http-nio-8080-exec-10] o.s.web.servlet.DispatcherServlet        : GET "/api/products/seller?category=Mobile+Phones&limit=5&offset=10", parameters={masked}
2025-12-07T10:13:06.639+05:30 DEBUG 23936 --- [Nexashop] [http-nio-8080-exec-10] s.w.s.m.m.a.RequestMappingHandlerMapping : Mapped to com.nexashop.backend.controller.ProductController#getSellerProducts(String, String, String, int, int)
2025-12-07T10:13:06.672+05:30 DEBUG 23936 --- [Nexashop] [http-nio-8080-exec-10] o.s.w.s.m.m.a.HttpEntityMethodProcessor  : Using 'application/json', given [application/json] and supported [application/json, application/*+json, application/yaml]
2025-12-07T10:13:06.673+05:30 DEBUG 23936 --- [Nexashop] [http-nio-8080-exec-10] o.s.w.s.m.m.a.HttpEntityMethodProcessor  : Writing [{total=14, pageSize=5, page=3, products=[com.nexashop.backend.entity.Product@1dcb80d9, com.nexashop. (truncated)...]
2025-12-07T10:13:06.677+05:30 DEBUG 23936 --- [Nexashop] [http-nio-8080-exec-10] o.s.web.servlet.DispatcherServlet        : Completed 200 OK
2025-12-07T10:13:10.903+05:30 DEBUG 23936 --- [Nexashop] [http-nio-8080-exec-7] o.s.security.web.FilterChainProxy        : Securing OPTIONS /api/products/seller?category=Gaming+PCs&limit=5&offset=0
2025-12-07T10:13:10.907+05:30 DEBUG 23936 --- [Nexashop] [http-nio-8080-exec-9] o.s.security.web.FilterChainProxy        : Securing GET /api/products/seller?category=Gaming+PCs&limit=5&offset=0
2025-12-07T10:13:10.914+05:30 DEBUG 23936 --- [Nexashop] [http-nio-8080-exec-9] o.s.security.web.FilterChainProxy        : Secured GET /api/products/seller?category=Gaming+PCs&limit=5&offset=0
2025-12-07T10:13:10.914+05:30 DEBUG 23936 --- [Nexashop] [http-nio-8080-exec-9] o.s.web.servlet.DispatcherServlet        : GET "/api/products/seller?category=Gaming+PCs&limit=5&offset=0", parameters={masked}
2025-12-07T10:13:10.915+05:30 DEBUG 23936 --- [Nexashop] [http-nio-8080-exec-9] s.w.s.m.m.a.RequestMappingHandlerMapping : Mapped to com.nexashop.backend.controller.ProductController#getSellerProducts(String, String, String, int, int)
2025-12-07T10:13:10.938+05:30 DEBUG 23936 --- [Nexashop] [http-nio-8080-exec-9] o.s.w.s.m.m.a.HttpEntityMethodProcessor  : Using 'application/json', given [application/json] and supported [application/json, application/*+json, application/yaml]
2025-12-07T10:13:10.940+05:30 DEBUG 23936 --- [Nexashop] [http-nio-8080-exec-9] o.s.w.s.m.m.a.HttpEntityMethodProcessor  : Writing [{total=2, pageSize=5, page=1, products=[com.nexashop.backend.entity.Product@6dde705e, com.nexashop.b (truncated)...]
2025-12-07T10:13:10.948+05:30 DEBUG 23936 --- [Nexashop] [http-nio-8080-exec-9] o.s.web.servlet.DispatcherServlet        : Completed 200 OK
2025-12-07T10:13:14.960+05:30 DEBUG 23936 --- [Nexashop] [http-nio-8080-exec-1] o.s.security.web.FilterChainProxy        : Securing OPTIONS /api/products/seller?category=Clothes&limit=5&offset=0
2025-12-07T10:13:14.965+05:30 DEBUG 23936 --- [Nexashop] [http-nio-8080-exec-3] o.s.security.web.FilterChainProxy        : Securing GET /api/products/seller?category=Clothes&limit=5&offset=0
2025-12-07T10:13:14.987+05:30 DEBUG 23936 --- [Nexashop] [http-nio-8080-exec-3] o.s.security.web.FilterChainProxy        : Secured GET /api/products/seller?category=Clothes&limit=5&offset=0
2025-12-07T10:13:14.987+05:30 DEBUG 23936 --- [Nexashop] [http-nio-8080-exec-3] o.s.web.servlet.DispatcherServlet        : GET "/api/products/seller?category=Clothes&limit=5&offset=0", parameters={masked}
2025-12-07T10:13:14.989+05:30 DEBUG 23936 --- [Nexashop] [http-nio-8080-exec-3] s.w.s.m.m.a.RequestMappingHandlerMapping : Mapped to com.nexashop.backend.controller.ProductController#getSellerProducts(String, String, String, int, int)
2025-12-07T10:13:15.087+05:30 DEBUG 23936 --- [Nexashop] [http-nio-8080-exec-3] o.s.w.s.m.m.a.HttpEntityMethodProcessor  : Using 'application/json', given [application/json] and supported [application/json, application/*+json, application/yaml]
2025-12-07T10:13:15.088+05:30 DEBUG 23936 --- [Nexashop] [http-nio-8080-exec-3] o.s.w.s.m.m.a.HttpEntityMethodProcessor  : Writing [{total=2, pageSize=5, page=1, products=[com.nexashop.backend.entity.Product@7864373d, com.nexashop.b (truncated)...]
2025-12-07T10:13:15.089+05:30 DEBUG 23936 --- [Nexashop] [http-nio-8080-exec-3] o.s.web.servlet.DispatcherServlet        : Completed 200 OK
2025-12-07T10:13:18.365+05:30 DEBUG 23936 --- [Nexashop] [http-nio-8080-exec-5] o.s.security.web.FilterChainProxy        : Securing OPTIONS /api/products/seller?category=Dairy+Products&limit=5&offset=0
2025-12-07T10:13:18.372+05:30 DEBUG 23936 --- [Nexashop] [http-nio-8080-exec-6] o.s.security.web.FilterChainProxy        : Securing GET /api/products/seller?category=Dairy+Products&limit=5&offset=0
2025-12-07T10:13:18.399+05:30 DEBUG 23936 --- [Nexashop] [http-nio-8080-exec-6] o.s.security.web.FilterChainProxy        : Secured GET /api/products/seller?category=Dairy+Products&limit=5&offset=0
2025-12-07T10:13:18.399+05:30 DEBUG 23936 --- [Nexashop] [http-nio-8080-exec-6] o.s.web.servlet.DispatcherServlet        : GET "/api/products/seller?category=Dairy+Products&limit=5&offset=0", parameters={masked}
2025-12-07T10:13:18.399+05:30 DEBUG 23936 --- [Nexashop] [http-nio-8080-exec-6] s.w.s.m.m.a.RequestMappingHandlerMapping : Mapped to com.nexashop.backend.controller.ProductController#getSellerProducts(String, String, String, int, int)
2025-12-07T10:13:18.464+05:30 DEBUG 23936 --- [Nexashop] [http-nio-8080-exec-6] o.s.w.s.m.m.a.HttpEntityMethodProcessor  : Using 'application/json', given [application/json] and supported [application/json, application/*+json, application/yaml]
2025-12-07T10:13:18.465+05:30 DEBUG 23936 --- [Nexashop] [http-nio-8080-exec-6] o.s.w.s.m.m.a.HttpEntityMethodProcessor  : Writing [{total=2, pageSize=5, page=1, products=[com.nexashop.backend.entity.Product@467aebf5, com.nexashop.b (truncated)...]
2025-12-07T10:13:18.469+05:30 DEBUG 23936 --- [Nexashop] [http-nio-8080-exec-6] o.s.web.servlet.DispatcherServlet        : Completed 200 OK
2025-12-07T10:13:20.199+05:30 DEBUG 23936 --- [Nexashop] [http-nio-8080-exec-10] o.s.security.web.FilterChainProxy        : Securing OPTIONS /api/products/seller?category=Snacks+%26+Beverages&limit=5&offset=0
2025-12-07T10:13:20.203+05:30 DEBUG 23936 --- [Nexashop] [http-nio-8080-exec-8] o.s.security.web.FilterChainProxy        : Securing GET /api/products/seller?category=Snacks+%26+Beverages&limit=5&offset=0
2025-12-07T10:13:20.222+05:30 DEBUG 23936 --- [Nexashop] [http-nio-8080-exec-8] o.s.security.web.FilterChainProxy        : Secured GET /api/products/seller?category=Snacks+%26+Beverages&limit=5&offset=0
2025-12-07T10:13:20.223+05:30 DEBUG 23936 --- [Nexashop] [http-nio-8080-exec-8] o.s.web.servlet.DispatcherServlet        : GET "/api/products/seller?category=Snacks+%26+Beverages&limit=5&offset=0", parameters={masked}
2025-12-07T10:13:20.225+05:30 DEBUG 23936 --- [Nexashop] [http-nio-8080-exec-8] s.w.s.m.m.a.RequestMappingHandlerMapping : Mapped to com.nexashop.backend.controller.ProductController#getSellerProducts(String, String, String, int, int)
2025-12-07T10:13:20.264+05:30 DEBUG 23936 --- [Nexashop] [http-nio-8080-exec-8] o.s.w.s.m.m.a.HttpEntityMethodProcessor  : Using 'application/json', given [application/json] and supported [application/json, application/*+json, application/yaml]
2025-12-07T10:13:20.268+05:30 DEBUG 23936 --- [Nexashop] [http-nio-8080-exec-8] o.s.w.s.m.m.a.HttpEntityMethodProcessor  : Writing [{total=2, pageSize=5, page=1, products=[com.nexashop.backend.entity.Product@5ff623ab, com.nexashop.b (truncated)...]
2025-12-07T10:13:20.270+05:30 DEBUG 23936 --- [Nexashop] [http-nio-8080-exec-8] o.s.web.servlet.DispatcherServlet        : Completed 200 OK
2025-12-07T10:15:14.980+05:30 DEBUG 23936 --- [Nexashop] [http-nio-8080-exec-9] o.s.security.web.FilterChainProxy        : Securing OPTIONS /api/products/seller?limit=5&offset=0
2025-12-07T10:15:14.980+05:30 DEBUG 23936 --- [Nexashop] [http-nio-8080-exec-4] o.s.security.web.FilterChainProxy        : Securing OPTIONS /api/categories
2025-12-07T10:15:14.984+05:30 DEBUG 23936 --- [Nexashop] [http-nio-8080-exec-3] o.s.security.web.FilterChainProxy        : Securing GET /api/categories
2025-12-07T10:15:14.984+05:30 DEBUG 23936 --- [Nexashop] [http-nio-8080-exec-1] o.s.security.web.FilterChainProxy        : Securing GET /api/products/seller?limit=5&offset=0
2025-12-07T10:15:14.999+05:30 DEBUG 23936 --- [Nexashop] [http-nio-8080-exec-3] o.s.security.web.FilterChainProxy        : Secured GET /api/categories
2025-12-07T10:15:15.001+05:30 DEBUG 23936 --- [Nexashop] [http-nio-8080-exec-1] o.s.security.web.FilterChainProxy        : Secured GET /api/products/seller?limit=5&offset=0
2025-12-07T10:15:15.002+05:30 DEBUG 23936 --- [Nexashop] [http-nio-8080-exec-3] o.s.web.servlet.DispatcherServlet        : GET "/api/categories", parameters={}
2025-12-07T10:15:15.004+05:30 DEBUG 23936 --- [Nexashop] [http-nio-8080-exec-3] s.w.s.m.m.a.RequestMappingHandlerMapping : Mapped to com.nexashop.backend.controller.CategoryController#getAllCategories()
2025-12-07T10:15:15.004+05:30 DEBUG 23936 --- [Nexashop] [http-nio-8080-exec-1] o.s.web.servlet.DispatcherServlet        : GET "/api/products/seller?limit=5&offset=0", parameters={masked}
2025-12-07T10:15:15.005+05:30 DEBUG 23936 --- [Nexashop] [http-nio-8080-exec-1] s.w.s.m.m.a.RequestMappingHandlerMapping : Mapped to com.nexashop.backend.controller.ProductController#getSellerProducts(String, String, String, int, int)
2025-12-07T10:15:15.011+05:30 DEBUG 23936 --- [Nexashop] [http-nio-8080-exec-3] o.s.w.s.m.m.a.HttpEntityMethodProcessor  : Using 'application/json', given [application/json] and supported [application/json, application/*+json, application/yaml]
2025-12-07T10:15:15.013+05:30 DEBUG 23936 --- [Nexashop] [http-nio-8080-exec-3] o.s.w.s.m.m.a.HttpEntityMethodProcessor  : Writing [[com.nexashop.backend.entity.Category@306dcfdf, com.nexashop.backend.entity.Category@4e729966, com.n (truncated)...]
2025-12-07T10:15:15.015+05:30 DEBUG 23936 --- [Nexashop] [http-nio-8080-exec-3] o.s.web.servlet.DispatcherServlet        : Completed 200 OK
2025-12-07T10:15:15.026+05:30 DEBUG 23936 --- [Nexashop] [http-nio-8080-exec-1] o.s.w.s.m.m.a.HttpEntityMethodProcessor  : Using 'application/json', given [application/json] and supported [application/json, application/*+json, application/yaml]
2025-12-07T10:15:15.029+05:30 DEBUG 23936 --- [Nexashop] [http-nio-8080-exec-1] o.s.w.s.m.m.a.HttpEntityMethodProcessor  : Writing [{total=34, pageSize=5, page=1, products=[com.nexashop.backend.entity.Product@12d7893a, com.nexashop. (truncated)...]
2025-12-07T10:15:15.043+05:30 DEBUG 23936 --- [Nexashop] [http-nio-8080-exec-1] o.s.web.servlet.DispatcherServlet        : Completed 200 OK
2025-12-07T10:15:17.905+05:30 DEBUG 23936 --- [Nexashop] [http-nio-8080-exec-2] o.s.security.web.FilterChainProxy        : Securing OPTIONS /api/products/seller?category=Sneakers&limit=5&offset=0
2025-12-07T10:15:17.908+05:30 DEBUG 23936 --- [Nexashop] [http-nio-8080-exec-5] o.s.security.web.FilterChainProxy        : Securing GET /api/products/seller?category=Sneakers&limit=5&offset=0
2025-12-07T10:15:17.919+05:30 DEBUG 23936 --- [Nexashop] [http-nio-8080-exec-5] o.s.security.web.FilterChainProxy        : Secured GET /api/products/seller?category=Sneakers&limit=5&offset=0
2025-12-07T10:15:17.921+05:30 DEBUG 23936 --- [Nexashop] [http-nio-8080-exec-5] o.s.web.servlet.DispatcherServlet        : GET "/api/products/seller?category=Sneakers&limit=5&offset=0", parameters={masked}
2025-12-07T10:15:17.922+05:30 DEBUG 23936 --- [Nexashop] [http-nio-8080-exec-5] s.w.s.m.m.a.RequestMappingHandlerMapping : Mapped to com.nexashop.backend.controller.ProductController#getSellerProducts(String, String, String, int, int)
2025-12-07T10:15:17.958+05:30 DEBUG 23936 --- [Nexashop] [http-nio-8080-exec-5] o.s.w.s.m.m.a.HttpEntityMethodProcessor  : Using 'application/json', given [application/json] and supported [application/json, application/*+json, application/yaml]
2025-12-07T10:15:17.959+05:30 DEBUG 23936 --- [Nexashop] [http-nio-8080-exec-5] o.s.w.s.m.m.a.HttpEntityMethodProcessor  : Writing [{total=10, pageSize=5, page=1, products=[com.nexashop.backend.entity.Product@13fa71c8, com.nexashop. (truncated)...]
2025-12-07T10:15:17.961+05:30 DEBUG 23936 --- [Nexashop] [http-nio-8080-exec-5] o.s.web.servlet.DispatcherServlet        : Completed 200 OK
2025-12-07T10:16:08.444+05:30 DEBUG 23936 --- [Nexashop] [http-nio-8080-exec-8] o.s.security.web.FilterChainProxy        : Securing OPTIONS /api/products/29/stock
2025-12-07T10:16:08.447+05:30 DEBUG 23936 --- [Nexashop] [http-nio-8080-exec-7] o.s.security.web.FilterChainProxy        : Securing PATCH /api/products/29/stock
2025-12-07T10:16:08.451+05:30 DEBUG 23936 --- [Nexashop] [http-nio-8080-exec-7] o.s.security.web.FilterChainProxy        : Secured PATCH /api/products/29/stock
2025-12-07T10:16:08.451+05:30 DEBUG 23936 --- [Nexashop] [http-nio-8080-exec-7] o.s.web.servlet.DispatcherServlet        : PATCH "/api/products/29/stock", parameters={}
2025-12-07T10:16:08.452+05:30 DEBUG 23936 --- [Nexashop] [http-nio-8080-exec-7] s.w.s.m.m.a.RequestMappingHandlerMapping : Mapped to com.nexashop.backend.controller.ProductController#updateProductStock(Long, Map)
2025-12-07T10:16:08.460+05:30 DEBUG 23936 --- [Nexashop] [http-nio-8080-exec-7] m.m.a.RequestResponseBodyMethodProcessor : Read "application/json;charset=UTF-8" to [{stockQuantity=22300}]
2025-12-07T10:16:08.541+05:30 DEBUG 23936 --- [Nexashop] [http-nio-8080-exec-7] o.s.w.s.m.m.a.HttpEntityMethodProcessor  : Using 'application/json', given [application/json] and supported [application/json, application/*+json, application/yaml]
2025-12-07T10:16:08.542+05:30 DEBUG 23936 --- [Nexashop] [http-nio-8080-exec-7] o.s.w.s.m.m.a.HttpEntityMethodProcessor  : Writing [com.nexashop.backend.entity.Product@743fabe1]
2025-12-07T10:16:08.547+05:30 DEBUG 23936 --- [Nexashop] [http-nio-8080-exec-7] o.s.web.servlet.DispatcherServlet        : Completed 200 OK
2025-12-07T10:16:08.682+05:30 DEBUG 23936 --- [Nexashop] [http-nio-8080-exec-4] o.s.security.web.FilterChainProxy        : Securing OPTIONS /api/products/seller?category=Sneakers&limit=5&offset=0
2025-12-07T10:16:08.686+05:30 DEBUG 23936 --- [Nexashop] [http-nio-8080-exec-9] o.s.security.web.FilterChainProxy        : Securing GET /api/products/seller?category=Sneakers&limit=5&offset=0
2025-12-07T10:16:08.690+05:30 DEBUG 23936 --- [Nexashop] [http-nio-8080-exec-9] o.s.security.web.FilterChainProxy        : Secured GET /api/products/seller?category=Sneakers&limit=5&offset=0
2025-12-07T10:16:08.691+05:30 DEBUG 23936 --- [Nexashop] [http-nio-8080-exec-9] o.s.web.servlet.DispatcherServlet        : GET "/api/products/seller?category=Sneakers&limit=5&offset=0", parameters={masked}
2025-12-07T10:16:08.691+05:30 DEBUG 23936 --- [Nexashop] [http-nio-8080-exec-9] s.w.s.m.m.a.RequestMappingHandlerMapping : Mapped to com.nexashop.backend.controller.ProductController#getSellerProducts(String, String, String, int, int)
2025-12-07T10:16:08.709+05:30 DEBUG 23936 --- [Nexashop] [http-nio-8080-exec-9] o.s.w.s.m.m.a.HttpEntityMethodProcessor  : Using 'application/json', given [application/json] and supported [application/json, application/*+json, application/yaml]
2025-12-07T10:16:08.710+05:30 DEBUG 23936 --- [Nexashop] [http-nio-8080-exec-9] o.s.w.s.m.m.a.HttpEntityMethodProcessor  : Writing [{total=10, pageSize=5, page=1, products=[com.nexashop.backend.entity.Product@540a818d, com.nexashop. (truncated)...]
2025-12-07T10:16:08.711+05:30 DEBUG 23936 --- [Nexashop] [http-nio-8080-exec-9] o.s.web.servlet.DispatcherServlet        : Completed 200 OK
2025-12-07T10:23:37.361+05:30 DEBUG 23936 --- [Nexashop] [http-nio-8080-exec-1] o.s.security.web.FilterChainProxy        : Securing GET /swagger-ui/index.html
2025-12-07T10:23:37.364+05:30 DEBUG 23936 --- [Nexashop] [http-nio-8080-exec-1] o.s.s.w.a.AnonymousAuthenticationFilter  : Set SecurityContextHolder to anonymous SecurityContext
2025-12-07T10:23:37.365+05:30 DEBUG 23936 --- [Nexashop] [http-nio-8080-exec-1] o.s.security.web.FilterChainProxy        : Secured GET /swagger-ui/index.html
2025-12-07T10:23:37.365+05:30 DEBUG 23936 --- [Nexashop] [http-nio-8080-exec-1] o.s.web.servlet.DispatcherServlet        : GET "/swagger-ui/index.html", parameters={}
2025-12-07T10:23:37.367+05:30 DEBUG 23936 --- [Nexashop] [http-nio-8080-exec-1] o.s.w.s.handler.SimpleUrlHandlerMapping  : Mapped to ResourceHttpRequestHandler [classpath [META-INF/resources/webjars/]]
2025-12-07T10:23:37.396+05:30 DEBUG 23936 --- [Nexashop] [http-nio-8080-exec-1] o.s.web.servlet.DispatcherServlet        : Completed 304 NOT_MODIFIED
2025-12-07T10:23:37.434+05:30 DEBUG 23936 --- [Nexashop] [http-nio-8080-exec-2] o.s.security.web.FilterChainProxy        : Securing GET /swagger-ui/swagger-ui.css
2025-12-07T10:23:37.435+05:30 DEBUG 23936 --- [Nexashop] [http-nio-8080-exec-2] o.s.s.w.a.AnonymousAuthenticationFilter  : Set SecurityContextHolder to anonymous SecurityContext
2025-12-07T10:23:37.436+05:30 DEBUG 23936 --- [Nexashop] [http-nio-8080-exec-2] o.s.security.web.FilterChainProxy        : Secured GET /swagger-ui/swagger-ui.css
2025-12-07T10:23:37.437+05:30 DEBUG 23936 --- [Nexashop] [http-nio-8080-exec-2] o.s.web.servlet.DispatcherServlet        : GET "/swagger-ui/swagger-ui.css", parameters={}
2025-12-07T10:23:37.438+05:30 DEBUG 23936 --- [Nexashop] [http-nio-8080-exec-2] o.s.w.s.handler.SimpleUrlHandlerMapping  : Mapped to ResourceHttpRequestHandler [classpath [META-INF/resources/webjars/]]
2025-12-07T10:23:37.444+05:30 DEBUG 23936 --- [Nexashop] [http-nio-8080-exec-2] o.s.web.servlet.DispatcherServlet        : Completed 304 NOT_MODIFIED
2025-12-07T10:23:37.445+05:30 DEBUG 23936 --- [Nexashop] [http-nio-8080-exec-5] o.s.security.web.FilterChainProxy        : Securing GET /swagger-ui/swagger-initializer.js
2025-12-07T10:23:37.448+05:30 DEBUG 23936 --- [Nexashop] [http-nio-8080-exec-10] o.s.security.web.FilterChainProxy        : Securing GET /swagger-ui/swagger-ui-bundle.js
2025-12-07T10:23:37.449+05:30 DEBUG 23936 --- [Nexashop] [http-nio-8080-exec-5] o.s.s.w.a.AnonymousAuthenticationFilter  : Set SecurityContextHolder to anonymous SecurityContext
2025-12-07T10:23:37.448+05:30 DEBUG 23936 --- [Nexashop] [http-nio-8080-exec-6] o.s.security.web.FilterChainProxy        : Securing GET /swagger-ui/index.css
2025-12-07T10:23:37.448+05:30 DEBUG 23936 --- [Nexashop] [http-nio-8080-exec-8] o.s.security.web.FilterChainProxy        : Securing GET /swagger-ui/swagger-ui-standalone-preset.js
2025-12-07T10:23:37.449+05:30 DEBUG 23936 --- [Nexashop] [http-nio-8080-exec-5] o.s.security.web.FilterChainProxy        : Secured GET /swagger-ui/swagger-initializer.js
2025-12-07T10:23:37.449+05:30 DEBUG 23936 --- [Nexashop] [http-nio-8080-exec-10] o.s.s.w.a.AnonymousAuthenticationFilter  : Set SecurityContextHolder to anonymous SecurityContext
2025-12-07T10:23:37.449+05:30 DEBUG 23936 --- [Nexashop] [http-nio-8080-exec-6] o.s.s.w.a.AnonymousAuthenticationFilter  : Set SecurityContextHolder to anonymous SecurityContext
2025-12-07T10:23:37.450+05:30 DEBUG 23936 --- [Nexashop] [http-nio-8080-exec-5] o.s.web.servlet.DispatcherServlet        : GET "/swagger-ui/swagger-initializer.js", parameters={}
2025-12-07T10:23:37.450+05:30 DEBUG 23936 --- [Nexashop] [http-nio-8080-exec-8] o.s.s.w.a.AnonymousAuthenticationFilter  : Set SecurityContextHolder to anonymous SecurityContext
2025-12-07T10:23:37.450+05:30 DEBUG 23936 --- [Nexashop] [http-nio-8080-exec-10] o.s.security.web.FilterChainProxy        : Secured GET /swagger-ui/swagger-ui-bundle.js
2025-12-07T10:23:37.450+05:30 DEBUG 23936 --- [Nexashop] [http-nio-8080-exec-6] o.s.security.web.FilterChainProxy        : Secured GET /swagger-ui/index.css
2025-12-07T10:23:37.451+05:30 DEBUG 23936 --- [Nexashop] [http-nio-8080-exec-8] o.s.security.web.FilterChainProxy        : Secured GET /swagger-ui/swagger-ui-standalone-preset.js
2025-12-07T10:23:37.451+05:30 DEBUG 23936 --- [Nexashop] [http-nio-8080-exec-10] o.s.web.servlet.DispatcherServlet        : GET "/swagger-ui/swagger-ui-bundle.js", parameters={}
2025-12-07T10:23:37.451+05:30 DEBUG 23936 --- [Nexashop] [http-nio-8080-exec-5] o.s.w.s.handler.SimpleUrlHandlerMapping  : Mapped to ResourceHttpRequestHandler [classpath [META-INF/resources/webjars/]]
2025-12-07T10:23:37.453+05:30 DEBUG 23936 --- [Nexashop] [http-nio-8080-exec-10] o.s.w.s.handler.SimpleUrlHandlerMapping  : Mapped to ResourceHttpRequestHandler [classpath [META-INF/resources/webjars/]]
2025-12-07T10:23:37.451+05:30 DEBUG 23936 --- [Nexashop] [http-nio-8080-exec-6] o.s.web.servlet.DispatcherServlet        : GET "/swagger-ui/index.css", parameters={}
2025-12-07T10:23:37.451+05:30 DEBUG 23936 --- [Nexashop] [http-nio-8080-exec-8] o.s.web.servlet.DispatcherServlet        : GET "/swagger-ui/swagger-ui-standalone-preset.js", parameters={}
2025-12-07T10:23:37.455+05:30 DEBUG 23936 --- [Nexashop] [http-nio-8080-exec-10] o.s.web.servlet.DispatcherServlet        : Completed 304 NOT_MODIFIED
2025-12-07T10:23:37.456+05:30 DEBUG 23936 --- [Nexashop] [http-nio-8080-exec-6] o.s.w.s.handler.SimpleUrlHandlerMapping  : Mapped to ResourceHttpRequestHandler [classpath [META-INF/resources/webjars/]]
2025-12-07T10:23:37.456+05:30 DEBUG 23936 --- [Nexashop] [http-nio-8080-exec-8] o.s.w.s.handler.SimpleUrlHandlerMapping  : Mapped to ResourceHttpRequestHandler [classpath [META-INF/resources/webjars/]]
2025-12-07T10:23:37.464+05:30 DEBUG 23936 --- [Nexashop] [http-nio-8080-exec-6] o.s.web.servlet.DispatcherServlet        : Completed 304 NOT_MODIFIED
2025-12-07T10:23:37.467+05:30 DEBUG 23936 --- [Nexashop] [http-nio-8080-exec-8] o.s.web.servlet.DispatcherServlet        : Completed 304 NOT_MODIFIED
2025-12-07T10:23:37.511+05:30 DEBUG 23936 --- [Nexashop] [http-nio-8080-exec-5] o.s.web.servlet.DispatcherServlet        : Completed 200 OK
2025-12-07T10:23:37.521+05:30 DEBUG 23936 --- [Nexashop] [http-nio-8080-exec-5] o.s.security.web.FilterChainProxy        : Securing GET /swagger-ui/swagger-initializer.js
2025-12-07T10:23:37.546+05:30 DEBUG 23936 --- [Nexashop] [http-nio-8080-exec-5] o.s.s.w.a.AnonymousAuthenticationFilter  : Set SecurityContextHolder to anonymous SecurityContext
2025-12-07T10:23:37.547+05:30 DEBUG 23936 --- [Nexashop] [http-nio-8080-exec-5] o.s.security.web.FilterChainProxy        : Secured GET /swagger-ui/swagger-initializer.js
2025-12-07T10:23:37.547+05:30 DEBUG 23936 --- [Nexashop] [http-nio-8080-exec-5] o.s.web.servlet.DispatcherServlet        : GET "/swagger-ui/swagger-initializer.js", parameters={}
2025-12-07T10:23:37.550+05:30 DEBUG 23936 --- [Nexashop] [http-nio-8080-exec-5] o.s.w.s.handler.SimpleUrlHandlerMapping  : Mapped to ResourceHttpRequestHandler [classpath [META-INF/resources/webjars/]]
2025-12-07T10:23:37.562+05:30 DEBUG 23936 --- [Nexashop] [http-nio-8080-exec-5] o.s.web.servlet.DispatcherServlet        : Completed 200 OK
2025-12-07T10:23:37.716+05:30 DEBUG 23936 --- [Nexashop] [http-nio-8080-exec-7] o.s.security.web.FilterChainProxy        : Securing GET /v3/api-docs/swagger-config
2025-12-07T10:23:37.719+05:30 DEBUG 23936 --- [Nexashop] [http-nio-8080-exec-7] o.s.s.w.a.AnonymousAuthenticationFilter  : Set SecurityContextHolder to anonymous SecurityContext
2025-12-07T10:23:37.719+05:30 DEBUG 23936 --- [Nexashop] [http-nio-8080-exec-7] o.s.security.web.FilterChainProxy        : Secured GET /v3/api-docs/swagger-config
2025-12-07T10:23:37.720+05:30 DEBUG 23936 --- [Nexashop] [http-nio-8080-exec-7] o.s.web.servlet.DispatcherServlet        : GET "/v3/api-docs/swagger-config", parameters={}
2025-12-07T10:23:37.720+05:30 DEBUG 23936 --- [Nexashop] [http-nio-8080-exec-7] s.w.s.m.m.a.RequestMappingHandlerMapping : Mapped to org.springdoc.webmvc.ui.SwaggerConfigResource#openapiJson(HttpServletRequest)
2025-12-07T10:23:37.720+05:30 DEBUG 23936 --- [Nexashop] [http-nio-8080-exec-4] o.s.security.web.FilterChainProxy        : Securing GET /swagger-ui/favicon-32x32.png
2025-12-07T10:23:37.721+05:30 DEBUG 23936 --- [Nexashop] [http-nio-8080-exec-4] o.s.s.w.a.AnonymousAuthenticationFilter  : Set SecurityContextHolder to anonymous SecurityContext
2025-12-07T10:23:37.722+05:30 DEBUG 23936 --- [Nexashop] [http-nio-8080-exec-4] o.s.security.web.FilterChainProxy        : Secured GET /swagger-ui/favicon-32x32.png
2025-12-07T10:23:37.722+05:30 DEBUG 23936 --- [Nexashop] [http-nio-8080-exec-4] o.s.web.servlet.DispatcherServlet        : GET "/swagger-ui/favicon-32x32.png", parameters={}
2025-12-07T10:23:37.723+05:30 DEBUG 23936 --- [Nexashop] [http-nio-8080-exec-4] o.s.w.s.handler.SimpleUrlHandlerMapping  : Mapped to ResourceHttpRequestHandler [classpath [META-INF/resources/webjars/]]
2025-12-07T10:23:37.726+05:30 DEBUG 23936 --- [Nexashop] [http-nio-8080-exec-7] m.m.a.RequestResponseBodyMethodProcessor : Using 'application/json', given [*/*] and supported [application/json]
2025-12-07T10:23:37.728+05:30 DEBUG 23936 --- [Nexashop] [http-nio-8080-exec-4] o.s.web.servlet.DispatcherServlet        : Completed 304 NOT_MODIFIED
2025-12-07T10:23:37.732+05:30 DEBUG 23936 --- [Nexashop] [http-nio-8080-exec-7] m.m.a.RequestResponseBodyMethodProcessor : Writing [{configUrl=/v3/api-docs/swagger-config, oauth2RedirectUrl=http://localhost:8080/swagger-ui/oauth2-re (truncated)...]
2025-12-07T10:23:37.734+05:30 DEBUG 23936 --- [Nexashop] [http-nio-8080-exec-7] o.s.web.servlet.DispatcherServlet        : Completed 200 OK
2025-12-07T10:23:37.735+05:30 DEBUG 23936 --- [Nexashop] [http-nio-8080-exec-9] o.s.security.web.FilterChainProxy        : Securing GET /v3/api-docs/swagger-config
2025-12-07T10:23:37.736+05:30 DEBUG 23936 --- [Nexashop] [http-nio-8080-exec-9] o.s.s.w.a.AnonymousAuthenticationFilter  : Set SecurityContextHolder to anonymous SecurityContext
2025-12-07T10:23:37.736+05:30 DEBUG 23936 --- [Nexashop] [http-nio-8080-exec-9] o.s.security.web.FilterChainProxy        : Secured GET /v3/api-docs/swagger-config
2025-12-07T10:23:37.736+05:30 DEBUG 23936 --- [Nexashop] [http-nio-8080-exec-9] o.s.web.servlet.DispatcherServlet        : GET "/v3/api-docs/swagger-config", parameters={}
2025-12-07T10:23:37.737+05:30 DEBUG 23936 --- [Nexashop] [http-nio-8080-exec-9] s.w.s.m.m.a.RequestMappingHandlerMapping : Mapped to org.springdoc.webmvc.ui.SwaggerConfigResource#openapiJson(HttpServletRequest)
2025-12-07T10:23:37.738+05:30 DEBUG 23936 --- [Nexashop] [http-nio-8080-exec-9] m.m.a.RequestResponseBodyMethodProcessor : Using 'application/json', given [*/*] and supported [application/json]
2025-12-07T10:23:37.739+05:30 DEBUG 23936 --- [Nexashop] [http-nio-8080-exec-9] m.m.a.RequestResponseBodyMethodProcessor : Writing [{configUrl=/v3/api-docs/swagger-config, oauth2RedirectUrl=http://localhost:8080/swagger-ui/oauth2-re (truncated)...]
2025-12-07T10:23:37.741+05:30 DEBUG 23936 --- [Nexashop] [http-nio-8080-exec-9] o.s.web.servlet.DispatcherServlet        : Completed 200 OK
2025-12-07T10:23:37.745+05:30 DEBUG 23936 --- [Nexashop] [http-nio-8080-exec-3] o.s.security.web.FilterChainProxy        : Securing GET /v3/api-docs
2025-12-07T10:23:37.746+05:30 DEBUG 23936 --- [Nexashop] [http-nio-8080-exec-3] o.s.s.w.a.AnonymousAuthenticationFilter  : Set SecurityContextHolder to anonymous SecurityContext
2025-12-07T10:23:37.746+05:30 DEBUG 23936 --- [Nexashop] [http-nio-8080-exec-3] o.s.security.web.FilterChainProxy        : Secured GET /v3/api-docs
2025-12-07T10:23:37.746+05:30 DEBUG 23936 --- [Nexashop] [http-nio-8080-exec-3] o.s.web.servlet.DispatcherServlet        : GET "/v3/api-docs", parameters={}
2025-12-07T10:23:37.747+05:30 DEBUG 23936 --- [Nexashop] [http-nio-8080-exec-3] s.w.s.m.m.a.RequestMappingHandlerMapping : Mapped to org.springdoc.webmvc.api.OpenApiWebMvcResource#openapiJson(HttpServletRequest, String, Locale)
2025-12-07T10:23:38.121+05:30  INFO 23936 --- [Nexashop] [http-nio-8080-exec-3] o.springdoc.api.AbstractOpenApiResource  : Init duration for springdoc-openapi is: 357 ms
2025-12-07T10:23:38.139+05:30 DEBUG 23936 --- [Nexashop] [http-nio-8080-exec-3] m.m.a.RequestResponseBodyMethodProcessor : Using 'application/json', given [application/json, */*] and supported [application/json]
2025-12-07T10:23:38.141+05:30 DEBUG 23936 --- [Nexashop] [http-nio-8080-exec-3] m.m.a.RequestResponseBodyMethodProcessor : Writing [{123, 34, 111, 112, 101, 110, 97, 112, 105, 34, 58, 34, 51, 46, 48, 46, 49, 34, 44, 34, 105, 110, 10 (truncated)...]
2025-12-07T10:23:38.143+05:30 DEBUG 23936 --- [Nexashop] [http-nio-8080-exec-3] o.s.web.servlet.DispatcherServlet        : Completed 200 OK
2025-12-07T10:23:38.144+05:30 DEBUG 23936 --- [Nexashop] [http-nio-8080-exec-1] o.s.security.web.FilterChainProxy        : Securing GET /v3/api-docs
2025-12-07T10:23:38.145+05:30 DEBUG 23936 --- [Nexashop] [http-nio-8080-exec-1] o.s.s.w.a.AnonymousAuthenticationFilter  : Set SecurityContextHolder to anonymous SecurityContext
2025-12-07T10:23:38.145+05:30 DEBUG 23936 --- [Nexashop] [http-nio-8080-exec-1] o.s.security.web.FilterChainProxy        : Secured GET /v3/api-docs
2025-12-07T10:23:38.145+05:30 DEBUG 23936 --- [Nexashop] [http-nio-8080-exec-1] o.s.web.servlet.DispatcherServlet        : GET "/v3/api-docs", parameters={}
2025-12-07T10:23:38.146+05:30 DEBUG 23936 --- [Nexashop] [http-nio-8080-exec-1] s.w.s.m.m.a.RequestMappingHandlerMapping : Mapped to org.springdoc.webmvc.api.OpenApiWebMvcResource#openapiJson(HttpServletRequest, String, Locale)
2025-12-07T10:23:38.151+05:30 DEBUG 23936 --- [Nexashop] [http-nio-8080-exec-1] m.m.a.RequestResponseBodyMethodProcessor : Using 'application/json', given [application/json, */*] and supported [application/json]
2025-12-07T10:23:38.153+05:30 DEBUG 23936 --- [Nexashop] [http-nio-8080-exec-1] m.m.a.RequestResponseBodyMethodProcessor : Writing [{123, 34, 111, 112, 101, 110, 97, 112, 105, 34, 58, 34, 51, 46, 48, 46, 49, 34, 44, 34, 105, 110, 10 (truncated)...]
2025-12-07T10:23:38.154+05:30 DEBUG 23936 --- [Nexashop] [http-nio-8080-exec-1] o.s.web.servlet.DispatcherServlet        : Completed 200 OK
2025-12-07T10:24:02.798+05:30 DEBUG 23936 --- [Nexashop] [http-nio-8080-exec-2] o.s.security.web.FilterChainProxy        : Securing GET /api/products
2025-12-07T10:24:02.798+05:30 DEBUG 23936 --- [Nexashop] [http-nio-8080-exec-2] o.s.s.w.a.AnonymousAuthenticationFilter  : Set SecurityContextHolder to anonymous SecurityContext
2025-12-07T10:24:02.799+05:30 DEBUG 23936 --- [Nexashop] [http-nio-8080-exec-2] o.s.security.web.FilterChainProxy        : Secured GET /api/products
2025-12-07T10:24:02.799+05:30 DEBUG 23936 --- [Nexashop] [http-nio-8080-exec-2] o.s.web.servlet.DispatcherServlet        : GET "/api/products", parameters={}
2025-12-07T10:24:02.799+05:30 DEBUG 23936 --- [Nexashop] [http-nio-8080-exec-2] s.w.s.m.m.a.RequestMappingHandlerMapping : Mapped to com.nexashop.backend.controller.ProductController#getAllProducts()
2025-12-07T10:24:02.822+05:30 DEBUG 23936 --- [Nexashop] [http-nio-8080-exec-2] o.s.w.s.m.m.a.HttpEntityMethodProcessor  : Using 'application/json', given [*/*] and supported [application/json, application/*+json, application/yaml]
2025-12-07T10:24:02.822+05:30 DEBUG 23936 --- [Nexashop] [http-nio-8080-exec-2] o.s.w.s.m.m.a.HttpEntityMethodProcessor  : Writing [[com.nexashop.backend.entity.Product@59e66c92, com.nexashop.backend.entity.Product@a4f25f7, com.nexa (truncated)...]
2025-12-07T10:24:02.843+05:30 DEBUG 23936 --- [Nexashop] [http-nio-8080-exec-2] o.s.web.servlet.DispatcherServlet        : Completed 200 OK
2025-12-07T10:26:19.884+05:30 DEBUG 23936 --- [Nexashop] [http-nio-8080-exec-7] o.s.security.web.FilterChainProxy        : Securing OPTIONS /api/auth/logout
2025-12-07T10:26:19.886+05:30 DEBUG 23936 --- [Nexashop] [http-nio-8080-exec-9] o.s.security.web.FilterChainProxy        : Securing POST /api/auth/logout
2025-12-07T10:26:19.894+05:30 DEBUG 23936 --- [Nexashop] [http-nio-8080-exec-9] o.s.security.web.FilterChainProxy        : Secured POST /api/auth/logout
2025-12-07T10:26:19.895+05:30 DEBUG 23936 --- [Nexashop] [http-nio-8080-exec-9] o.s.web.servlet.DispatcherServlet        : POST "/api/auth/logout", parameters={}
2025-12-07T10:26:19.896+05:30 DEBUG 23936 --- [Nexashop] [http-nio-8080-exec-9] s.w.s.m.m.a.RequestMappingHandlerMapping : Mapped to com.nexashop.backend.controller.AuthController#logoutUser()
2025-12-07T10:26:19.898+05:30 DEBUG 23936 --- [Nexashop] [http-nio-8080-exec-9] o.s.w.s.m.m.a.HttpEntityMethodProcessor  : Using 'application/json', given [application/json] and supported [application/json, application/*+json, application/yaml]
2025-12-07T10:26:19.898+05:30 DEBUG 23936 --- [Nexashop] [http-nio-8080-exec-9] o.s.w.s.m.m.a.HttpEntityMethodProcessor  : Writing [{message=Logout successful}]
2025-12-07T10:26:19.899+05:30 DEBUG 23936 --- [Nexashop] [http-nio-8080-exec-9] o.s.web.servlet.DispatcherServlet        : Completed 200 OK
2025-12-07T11:23:03.525+05:30 DEBUG 23936 --- [Nexashop] [http-nio-8080-exec-1] o.s.security.web.FilterChainProxy        : Securing GET /swagger-ui/swagger-initializer.js
2025-12-07T11:23:03.549+05:30 DEBUG 23936 --- [Nexashop] [http-nio-8080-exec-1] o.s.s.w.a.AnonymousAuthenticationFilter  : Set SecurityContextHolder to anonymous SecurityContext
2025-12-07T11:23:03.550+05:30 DEBUG 23936 --- [Nexashop] [http-nio-8080-exec-1] o.s.security.web.FilterChainProxy        : Secured GET /swagger-ui/swagger-initializer.js
2025-12-07T11:23:03.554+05:30 DEBUG 23936 --- [Nexashop] [http-nio-8080-exec-1] o.s.web.servlet.DispatcherServlet        : GET "/swagger-ui/swagger-initializer.js", parameters={}
2025-12-07T11:23:03.564+05:30 DEBUG 23936 --- [Nexashop] [http-nio-8080-exec-1] o.s.w.s.handler.SimpleUrlHandlerMapping  : Mapped to ResourceHttpRequestHandler [classpath [META-INF/resources/webjars/]]
2025-12-07T11:23:03.723+05:30 DEBUG 23936 --- [Nexashop] [http-nio-8080-exec-1] o.s.web.servlet.DispatcherServlet        : Completed 200 OK
2025-12-07T11:23:03.751+05:30 DEBUG 23936 --- [Nexashop] [http-nio-8080-exec-2] o.s.security.web.FilterChainProxy        : Securing GET /v3/api-docs/swagger-config
2025-12-07T11:23:03.753+05:30 DEBUG 23936 --- [Nexashop] [http-nio-8080-exec-2] o.s.s.w.a.AnonymousAuthenticationFilter  : Set SecurityContextHolder to anonymous SecurityContext
2025-12-07T11:23:03.753+05:30 DEBUG 23936 --- [Nexashop] [http-nio-8080-exec-2] o.s.security.web.FilterChainProxy        : Secured GET /v3/api-docs/swagger-config
2025-12-07T11:23:03.754+05:30 DEBUG 23936 --- [Nexashop] [http-nio-8080-exec-2] o.s.web.servlet.DispatcherServlet        : GET "/v3/api-docs/swagger-config", parameters={}
2025-12-07T11:23:03.754+05:30 DEBUG 23936 --- [Nexashop] [http-nio-8080-exec-2] s.w.s.m.m.a.RequestMappingHandlerMapping : Mapped to org.springdoc.webmvc.ui.SwaggerConfigResource#openapiJson(HttpServletRequest)
2025-12-07T11:23:03.810+05:30 DEBUG 23936 --- [Nexashop] [http-nio-8080-exec-2] m.m.a.RequestResponseBodyMethodProcessor : Using 'application/json', given [*/*] and supported [application/json]
2025-12-07T11:23:03.819+05:30 DEBUG 23936 --- [Nexashop] [http-nio-8080-exec-2] m.m.a.RequestResponseBodyMethodProcessor : Writing [{configUrl=/v3/api-docs/swagger-config, oauth2RedirectUrl=http://localhost:8080/swagger-ui/oauth2-re (truncated)...]
2025-12-07T11:23:03.825+05:30 DEBUG 23936 --- [Nexashop] [http-nio-8080-exec-2] o.s.web.servlet.DispatcherServlet        : Completed 200 OK
2025-12-07T11:23:03.839+05:30 DEBUG 23936 --- [Nexashop] [http-nio-8080-exec-10] o.s.security.web.FilterChainProxy        : Securing GET /v3/api-docs
2025-12-07T11:23:03.841+05:30 DEBUG 23936 --- [Nexashop] [http-nio-8080-exec-10] o.s.s.w.a.AnonymousAuthenticationFilter  : Set SecurityContextHolder to anonymous SecurityContext
2025-12-07T11:23:03.842+05:30 DEBUG 23936 --- [Nexashop] [http-nio-8080-exec-10] o.s.security.web.FilterChainProxy        : Secured GET /v3/api-docs
2025-12-07T11:23:03.842+05:30 DEBUG 23936 --- [Nexashop] [http-nio-8080-exec-10] o.s.web.servlet.DispatcherServlet        : GET "/v3/api-docs", parameters={}
2025-12-07T11:23:03.843+05:30 DEBUG 23936 --- [Nexashop] [http-nio-8080-exec-10] s.w.s.m.m.a.RequestMappingHandlerMapping : Mapped to org.springdoc.webmvc.api.OpenApiWebMvcResource#openapiJson(HttpServletRequest, String, Locale)
2025-12-07T11:23:03.954+05:30 DEBUG 23936 --- [Nexashop] [http-nio-8080-exec-10] m.m.a.RequestResponseBodyMethodProcessor : Using 'application/json', given [application/json, */*] and supported [application/json]
2025-12-07T11:23:03.961+05:30 DEBUG 23936 --- [Nexashop] [http-nio-8080-exec-10] m.m.a.RequestResponseBodyMethodProcessor : Writing [{123, 34, 111, 112, 101, 110, 97, 112, 105, 34, 58, 34, 51, 46, 48, 46, 49, 34, 44, 34, 105, 110, 10 (truncated)...]
2025-12-07T11:23:03.964+05:30 DEBUG 23936 --- [Nexashop] [http-nio-8080-exec-10] o.s.web.servlet.DispatcherServlet        : Completed 200 OK
2025-12-07T11:32:32.812+05:30  INFO 23936 --- [Nexashop] [SpringApplicationShutdownHook] o.s.b.w.e.tomcat.GracefulShutdown        : Commencing graceful shutdown. Waiting for active requests to complete
2025-12-07T11:32:32.872+05:30  INFO 23936 --- [Nexashop] [tomcat-shutdown] o.s.b.w.e.tomcat.GracefulShutdown        : Graceful shutdown complete
2025-12-07T11:32:32.923+05:30  INFO 23936 --- [Nexashop] [SpringApplicationShutdownHook] j.LocalContainerEntityManagerFactoryBean : Closing JPA EntityManagerFactory for persistence unit 'default'
2025-12-07T11:32:33.023+05:30  INFO 23936 --- [Nexashop] [SpringApplicationShutdownHook] com.zaxxer.hikari.HikariDataSource       : HikariPool-1 - Shutdown initiated...
2025-12-07T11:32:33.056+05:30  INFO 23936 --- [Nexashop] [SpringApplicationShutdownHook] com.zaxxer.hikari.HikariDataSource       : HikariPool-1 - Shutdown completed.
2025-12-07T19:57:30.478+05:30  INFO 17816 --- [Nexashop] [main] c.nexashop.backend.NexaShopApplication   : Starting NexaShopApplication using Java 24.0.1 with PID 17816 (D:\tech\NexaShop\server\target\classes started by thewe in D:\tech\NexaShop\server)
2025-12-07T19:57:30.480+05:30 DEBUG 17816 --- [Nexashop] [main] c.nexashop.backend.NexaShopApplication   : Running with Spring Boot v3.4.0, Spring v6.2.0
2025-12-07T19:57:30.481+05:30  INFO 17816 --- [Nexashop] [main] c.nexashop.backend.NexaShopApplication   : No active profile set, falling back to 1 default profile: "default"
2025-12-07T19:57:31.155+05:30  INFO 17816 --- [Nexashop] [main] .s.d.r.c.RepositoryConfigurationDelegate : Bootstrapping Spring Data JPA repositories in DEFAULT mode.
2025-12-07T19:57:31.228+05:30  INFO 17816 --- [Nexashop] [main] .s.d.r.c.RepositoryConfigurationDelegate : Finished Spring Data repository scanning in 61 ms. Found 5 JPA repository interfaces.
2025-12-07T19:57:31.677+05:30  INFO 17816 --- [Nexashop] [main] o.s.b.w.embedded.tomcat.TomcatWebServer  : Tomcat initialized with port 8080 (http)
2025-12-07T19:57:31.690+05:30  INFO 17816 --- [Nexashop] [main] o.apache.catalina.core.StandardService   : Starting service [Tomcat]
2025-12-07T19:57:31.691+05:30  INFO 17816 --- [Nexashop] [main] o.apache.catalina.core.StandardEngine    : Starting Servlet engine: [Apache Tomcat/10.1.33]
2025-12-07T19:57:31.774+05:30  INFO 17816 --- [Nexashop] [main] o.a.c.c.C.[Tomcat].[localhost].[/]       : Initializing Spring embedded WebApplicationContext
2025-12-07T19:57:31.774+05:30  INFO 17816 --- [Nexashop] [main] w.s.c.ServletWebServerApplicationContext : Root WebApplicationContext: initialization completed in 1223 ms
2025-12-07T19:57:31.847+05:30 DEBUG 17816 --- [Nexashop] [main] c.n.b.security.JwtAuthenticationFilter   : Filter 'jwtAuthenticationFilter' configured for use
2025-12-07T19:57:31.944+05:30  INFO 17816 --- [Nexashop] [main] o.hibernate.jpa.internal.util.LogHelper  : HHH000204: Processing PersistenceUnitInfo [name: default]
2025-12-07T19:57:32.008+05:30  INFO 17816 --- [Nexashop] [main] org.hibernate.Version                    : HHH000412: Hibernate ORM core version 6.6.2.Final
2025-12-07T19:57:32.038+05:30  INFO 17816 --- [Nexashop] [main] o.h.c.internal.RegionFactoryInitiator    : HHH000026: Second-level cache disabled
2025-12-07T19:57:32.267+05:30  INFO 17816 --- [Nexashop] [main] o.s.o.j.p.SpringPersistenceUnitInfo      : No LoadTimeWeaver setup: ignoring JPA class transformer
2025-12-07T19:57:32.303+05:30  INFO 17816 --- [Nexashop] [main] com.zaxxer.hikari.HikariDataSource       : HikariPool-1 - Starting...
2025-12-07T19:57:32.450+05:30  INFO 17816 --- [Nexashop] [main] com.zaxxer.hikari.pool.HikariPool        : HikariPool-1 - Added connection com.mysql.cj.jdbc.ConnectionImpl@1ed9d173
2025-12-07T19:57:32.451+05:30  INFO 17816 --- [Nexashop] [main] com.zaxxer.hikari.HikariDataSource       : HikariPool-1 - Start completed.
2025-12-07T19:57:32.492+05:30  WARN 17816 --- [Nexashop] [main] org.hibernate.dialect.Dialect            : HHH000511: The 5.5.5 version for [org.hibernate.dialect.MySQLDialect] is no longer supported, hence certain features may not work properly. The minimum supported version is 8.0.0. Check the community dialects project for available legacy versions.
2025-12-07T19:57:32.496+05:30  WARN 17816 --- [Nexashop] [main] org.hibernate.orm.deprecation            : HHH90000025: MySQLDialect does not need to be specified explicitly using 'hibernate.dialect' (remove the property setting and it will be selected by default)
2025-12-07T19:57:32.510+05:30  INFO 17816 --- [Nexashop] [main] org.hibernate.orm.connections.pooling    : HHH10001005: Database info:
	Database JDBC URL [Connecting through datasource 'HikariDataSource (HikariPool-1)']
	Database driver: undefined/unknown
	Database version: 5.5.5
	Autocommit mode: undefined/unknown
	Isolation level: undefined/unknown
	Minimum pool size: undefined/unknown
	Maximum pool size: undefined/unknown
2025-12-07T19:57:33.196+05:30  INFO 17816 --- [Nexashop] [main] o.h.e.t.j.p.i.JtaPlatformInitiator       : HHH000489: No JTA platform available (set 'hibernate.transaction.jta.platform' to enable JTA platform integration)
2025-12-07T19:57:33.275+05:30  INFO 17816 --- [Nexashop] [main] j.LocalContainerEntityManagerFactoryBean : Initialized JPA EntityManagerFactory for persistence unit 'default'
2025-12-07T19:57:33.674+05:30  WARN 17816 --- [Nexashop] [main] JpaBaseConfiguration$JpaWebConfiguration : spring.jpa.open-in-view is enabled by default. Therefore, database queries may be performed during view rendering. Explicitly configure spring.jpa.open-in-view to disable this warning
2025-12-07T19:57:33.688+05:30  WARN 17816 --- [Nexashop] [main] .s.s.UserDetailsServiceAutoConfiguration : 

Using generated security password: bba0e253-937c-458b-882f-199b3de1d473

This generated password is for development use only. Your security configuration must be updated before running your application in production.

2025-12-07T19:57:33.698+05:30  INFO 17816 --- [Nexashop] [main] r$InitializeUserDetailsManagerConfigurer : Global AuthenticationManager configured with UserDetailsService bean with name inMemoryUserDetailsManager
2025-12-07T19:57:33.868+05:30 DEBUG 17816 --- [Nexashop] [main] s.w.s.m.m.a.RequestMappingHandlerMapping : 29 mappings in 'requestMappingHandlerMapping'
2025-12-07T19:57:33.938+05:30 DEBUG 17816 --- [Nexashop] [main] o.s.w.s.handler.SimpleUrlHandlerMapping  : Patterns [/webjars/**, /**, /uploads/**, /swagger-ui*/*swagger-initializer.js, /swagger-ui*/**] in 'resourceHandlerMapping'
2025-12-07T19:57:33.978+05:30 DEBUG 17816 --- [Nexashop] [main] o.s.s.web.DefaultSecurityFilterChain     : Will secure any request with filters: DisableEncodeUrlFilter, WebAsyncManagerIntegrationFilter, SecurityContextHolderFilter, HeaderWriterFilter, CorsFilter, LogoutFilter, JwtAuthenticationFilter, RequestCacheAwareFilter, SecurityContextHolderAwareRequestFilter, AnonymousAuthenticationFilter, SessionManagementFilter, ExceptionTranslationFilter, AuthorizationFilter
2025-12-07T19:57:34.038+05:30 DEBUG 17816 --- [Nexashop] [main] s.w.s.m.m.a.RequestMappingHandlerAdapter : ControllerAdvice beans: 0 @ModelAttribute, 0 @InitBinder, 1 RequestBodyAdvice, 1 ResponseBodyAdvice
2025-12-07T19:57:34.092+05:30 DEBUG 17816 --- [Nexashop] [main] .m.m.a.ExceptionHandlerExceptionResolver : ControllerAdvice beans: 2 @ExceptionHandler, 1 ResponseBodyAdvice
2025-12-07T19:57:34.243+05:30  INFO 17816 --- [Nexashop] [main] o.s.b.w.embedded.tomcat.TomcatWebServer  : Tomcat started on port 8080 (http) with context path '/'
2025-12-07T19:57:34.249+05:30  INFO 17816 --- [Nexashop] [main] c.nexashop.backend.NexaShopApplication   : Started NexaShopApplication in 4.132 seconds (process running for 4.413)
2025-12-07T20:37:31.768+05:30  INFO 17816 --- [Nexashop] [SpringApplicationShutdownHook] o.s.b.w.e.tomcat.GracefulShutdown        : Commencing graceful shutdown. Waiting for active requests to complete
2025-12-07T20:37:31.786+05:30  INFO 17816 --- [Nexashop] [tomcat-shutdown] o.s.b.w.e.tomcat.GracefulShutdown        : Graceful shutdown complete
2025-12-07T20:37:31.802+05:30  INFO 17816 --- [Nexashop] [SpringApplicationShutdownHook] j.LocalContainerEntityManagerFactoryBean : Closing JPA EntityManagerFactory for persistence unit 'default'
2025-12-07T20:37:31.823+05:30  INFO 17816 --- [Nexashop] [SpringApplicationShutdownHook] com.zaxxer.hikari.HikariDataSource       : HikariPool-1 - Shutdown initiated...
2025-12-07T20:37:31.827+05:30  INFO 17816 --- [Nexashop] [SpringApplicationShutdownHook] com.zaxxer.hikari.HikariDataSource       : HikariPool-1 - Shutdown completed.
2025-12-29T19:19:18.415+05:30  INFO 21024 --- [Nexashop] [main] c.nexashop.backend.NexaShopApplication   : Starting NexaShopApplication using Java 24.0.1 with PID 21024 (D:\tech\NexaShop\server\target\classes started by thewe in D:\tech\NexaShop\server)
2025-12-29T19:19:18.416+05:30 DEBUG 21024 --- [Nexashop] [main] c.nexashop.backend.NexaShopApplication   : Running with Spring Boot v3.4.0, Spring v6.2.0
2025-12-29T19:19:18.417+05:30  INFO 21024 --- [Nexashop] [main] c.nexashop.backend.NexaShopApplication   : No active profile set, falling back to 1 default profile: "default"
2025-12-29T19:19:19.299+05:30  INFO 21024 --- [Nexashop] [main] .s.d.r.c.RepositoryConfigurationDelegate : Multiple Spring Data modules found, entering strict repository configuration mode
2025-12-29T19:19:19.302+05:30  INFO 21024 --- [Nexashop] [main] .s.d.r.c.RepositoryConfigurationDelegate : Bootstrapping Spring Data JPA repositories in DEFAULT mode.
2025-12-29T19:19:19.461+05:30  INFO 21024 --- [Nexashop] [main] .s.d.r.c.RepositoryConfigurationDelegate : Finished Spring Data repository scanning in 151 ms. Found 10 JPA repository interfaces.
2025-12-29T19:19:19.479+05:30  INFO 21024 --- [Nexashop] [main] .s.d.r.c.RepositoryConfigurationDelegate : Multiple Spring Data modules found, entering strict repository configuration mode
2025-12-29T19:19:19.480+05:30  INFO 21024 --- [Nexashop] [main] .s.d.r.c.RepositoryConfigurationDelegate : Bootstrapping Spring Data Redis repositories in DEFAULT mode.
2025-12-29T19:19:19.496+05:30  INFO 21024 --- [Nexashop] [main] .RepositoryConfigurationExtensionSupport : Spring Data Redis - Could not safely identify store assignment for repository candidate interface com.nexashop.backend.repository.AdminRepository; If you want this repository to be a Redis repository, consider annotating your entities with one of these annotations: org.springframework.data.redis.core.RedisHash (preferred), or consider extending one of the following types with your repository: org.springframework.data.keyvalue.repository.KeyValueRepository
2025-12-29T19:19:19.497+05:30  INFO 21024 --- [Nexashop] [main] .RepositoryConfigurationExtensionSupport : Spring Data Redis - Could not safely identify store assignment for repository candidate interface com.nexashop.backend.repository.CartItemRepository; If you want this repository to be a Redis repository, consider annotating your entities with one of these annotations: org.springframework.data.redis.core.RedisHash (preferred), or consider extending one of the following types with your repository: org.springframework.data.keyvalue.repository.KeyValueRepository
2025-12-29T19:19:19.498+05:30  INFO 21024 --- [Nexashop] [main] .RepositoryConfigurationExtensionSupport : Spring Data Redis - Could not safely identify store assignment for repository candidate interface com.nexashop.backend.repository.CategoryRepository; If you want this repository to be a Redis repository, consider annotating your entities with one of these annotations: org.springframework.data.redis.core.RedisHash (preferred), or consider extending one of the following types with your repository: org.springframework.data.keyvalue.repository.KeyValueRepository
2025-12-29T19:19:19.499+05:30  INFO 21024 --- [Nexashop] [main] .RepositoryConfigurationExtensionSupport : Spring Data Redis - Could not safely identify store assignment for repository candidate interface com.nexashop.backend.repository.CustomerAddressRepository; If you want this repository to be a Redis repository, consider annotating your entities with one of these annotations: org.springframework.data.redis.core.RedisHash (preferred), or consider extending one of the following types with your repository: org.springframework.data.keyvalue.repository.KeyValueRepository
2025-12-29T19:19:19.500+05:30  INFO 21024 --- [Nexashop] [main] .RepositoryConfigurationExtensionSupport : Spring Data Redis - Could not safely identify store assignment for repository candidate interface com.nexashop.backend.repository.CustomerRepository; If you want this repository to be a Redis repository, consider annotating your entities with one of these annotations: org.springframework.data.redis.core.RedisHash (preferred), or consider extending one of the following types with your repository: org.springframework.data.keyvalue.repository.KeyValueRepository
2025-12-29T19:19:19.502+05:30  INFO 21024 --- [Nexashop] [main] .RepositoryConfigurationExtensionSupport : Spring Data Redis - Could not safely identify store assignment for repository candidate interface com.nexashop.backend.repository.OrderItemRepository; If you want this repository to be a Redis repository, consider annotating your entities with one of these annotations: org.springframework.data.redis.core.RedisHash (preferred), or consider extending one of the following types with your repository: org.springframework.data.keyvalue.repository.KeyValueRepository
2025-12-29T19:19:19.502+05:30  INFO 21024 --- [Nexashop] [main] .RepositoryConfigurationExtensionSupport : Spring Data Redis - Could not safely identify store assignment for repository candidate interface com.nexashop.backend.repository.OrderRepository; If you want this repository to be a Redis repository, consider annotating your entities with one of these annotations: org.springframework.data.redis.core.RedisHash (preferred), or consider extending one of the following types with your repository: org.springframework.data.keyvalue.repository.KeyValueRepository
2025-12-29T19:19:19.503+05:30  INFO 21024 --- [Nexashop] [main] .RepositoryConfigurationExtensionSupport : Spring Data Redis - Could not safely identify store assignment for repository candidate interface com.nexashop.backend.repository.ProductRepository; If you want this repository to be a Redis repository, consider annotating your entities with one of these annotations: org.springframework.data.redis.core.RedisHash (preferred), or consider extending one of the following types with your repository: org.springframework.data.keyvalue.repository.KeyValueRepository
2025-12-29T19:19:19.505+05:30  INFO 21024 --- [Nexashop] [main] .RepositoryConfigurationExtensionSupport : Spring Data Redis - Could not safely identify store assignment for repository candidate interface com.nexashop.backend.repository.RefreshTokenRepository; If you want this repository to be a Redis repository, consider annotating your entities with one of these annotations: org.springframework.data.redis.core.RedisHash (preferred), or consider extending one of the following types with your repository: org.springframework.data.keyvalue.repository.KeyValueRepository
2025-12-29T19:19:19.505+05:30  INFO 21024 --- [Nexashop] [main] .RepositoryConfigurationExtensionSupport : Spring Data Redis - Could not safely identify store assignment for repository candidate interface com.nexashop.backend.repository.SellerRepository; If you want this repository to be a Redis repository, consider annotating your entities with one of these annotations: org.springframework.data.redis.core.RedisHash (preferred), or consider extending one of the following types with your repository: org.springframework.data.keyvalue.repository.KeyValueRepository
2025-12-29T19:19:19.505+05:30  INFO 21024 --- [Nexashop] [main] .s.d.r.c.RepositoryConfigurationDelegate : Finished Spring Data repository scanning in 15 ms. Found 0 Redis repository interfaces.
2025-12-29T19:19:20.058+05:30  INFO 21024 --- [Nexashop] [main] o.s.b.w.embedded.tomcat.TomcatWebServer  : Tomcat initialized with port 8080 (http)
2025-12-29T19:19:20.073+05:30  INFO 21024 --- [Nexashop] [main] o.apache.catalina.core.StandardService   : Starting service [Tomcat]
2025-12-29T19:19:20.073+05:30  INFO 21024 --- [Nexashop] [main] o.apache.catalina.core.StandardEngine    : Starting Servlet engine: [Apache Tomcat/10.1.33]
2025-12-29T19:19:20.137+05:30  INFO 21024 --- [Nexashop] [main] o.a.c.c.C.[Tomcat].[localhost].[/]       : Initializing Spring embedded WebApplicationContext
2025-12-29T19:19:20.138+05:30  INFO 21024 --- [Nexashop] [main] w.s.c.ServletWebServerApplicationContext : Root WebApplicationContext: initialization completed in 1669 ms
2025-12-29T19:19:20.187+05:30 DEBUG 21024 --- [Nexashop] [main] c.n.b.security.JwtAuthenticationFilter   : Filter 'jwtAuthenticationFilter' configured for use
2025-12-29T19:19:20.292+05:30  INFO 21024 --- [Nexashop] [main] o.hibernate.jpa.internal.util.LogHelper  : HHH000204: Processing PersistenceUnitInfo [name: default]
2025-12-29T19:19:20.357+05:30  INFO 21024 --- [Nexashop] [main] org.hibernate.Version                    : HHH000412: Hibernate ORM core version 6.6.2.Final
2025-12-29T19:19:20.408+05:30  INFO 21024 --- [Nexashop] [main] o.h.c.internal.RegionFactoryInitiator    : HHH000026: Second-level cache disabled
2025-12-29T19:19:20.745+05:30  INFO 21024 --- [Nexashop] [main] o.s.o.j.p.SpringPersistenceUnitInfo      : No LoadTimeWeaver setup: ignoring JPA class transformer
2025-12-29T19:19:20.814+05:30  INFO 21024 --- [Nexashop] [main] com.zaxxer.hikari.HikariDataSource       : HikariPool-1 - Starting...
2025-12-29T19:19:21.049+05:30  INFO 21024 --- [Nexashop] [main] com.zaxxer.hikari.pool.HikariPool        : HikariPool-1 - Added connection com.mysql.cj.jdbc.ConnectionImpl@32a4ea4e
2025-12-29T19:19:21.054+05:30  INFO 21024 --- [Nexashop] [main] com.zaxxer.hikari.HikariDataSource       : HikariPool-1 - Start completed.
2025-12-29T19:19:21.133+05:30  WARN 21024 --- [Nexashop] [main] org.hibernate.dialect.Dialect            : HHH000511: The 5.5.5 version for [org.hibernate.dialect.MySQLDialect] is no longer supported, hence certain features may not work properly. The minimum supported version is 8.0.0. Check the community dialects project for available legacy versions.
2025-12-29T19:19:21.140+05:30  WARN 21024 --- [Nexashop] [main] org.hibernate.orm.deprecation            : HHH90000025: MySQLDialect does not need to be specified explicitly using 'hibernate.dialect' (remove the property setting and it will be selected by default)
2025-12-29T19:19:21.166+05:30  INFO 21024 --- [Nexashop] [main] org.hibernate.orm.connections.pooling    : HHH10001005: Database info:
	Database JDBC URL [Connecting through datasource 'HikariDataSource (HikariPool-1)']
	Database driver: undefined/unknown
	Database version: 5.5.5
	Autocommit mode: undefined/unknown
	Isolation level: undefined/unknown
	Minimum pool size: undefined/unknown
	Maximum pool size: undefined/unknown
2025-12-29T19:19:22.085+05:30  INFO 21024 --- [Nexashop] [main] o.h.e.t.j.p.i.JtaPlatformInitiator       : HHH000489: No JTA platform available (set 'hibernate.transaction.jta.platform' to enable JTA platform integration)
2025-12-29T19:19:22.197+05:30  INFO 21024 --- [Nexashop] [main] j.LocalContainerEntityManagerFactoryBean : Initialized JPA EntityManagerFactory for persistence unit 'default'
2025-12-29T19:19:23.044+05:30  WARN 21024 --- [Nexashop] [main] JpaBaseConfiguration$JpaWebConfiguration : spring.jpa.open-in-view is enabled by default. Therefore, database queries may be performed during view rendering. Explicitly configure spring.jpa.open-in-view to disable this warning
2025-12-29T19:19:23.067+05:30  WARN 21024 --- [Nexashop] [main] .s.s.UserDetailsServiceAutoConfiguration : 

Using generated security password: cb9e7d56-6852-4715-bbbb-68257ac5d7cc

This generated password is for development use only. Your security configuration must be updated before running your application in production.

2025-12-29T19:19:23.074+05:30  INFO 21024 --- [Nexashop] [main] r$InitializeUserDetailsManagerConfigurer : Global AuthenticationManager configured with UserDetailsService bean with name inMemoryUserDetailsManager
2025-12-29T19:19:23.224+05:30 DEBUG 21024 --- [Nexashop] [main] s.w.s.m.m.a.RequestMappingHandlerMapping : 57 mappings in 'requestMappingHandlerMapping'
2025-12-29T19:19:23.287+05:30 DEBUG 21024 --- [Nexashop] [main] o.s.w.s.handler.SimpleUrlHandlerMapping  : Patterns [/webjars/**, /**, /uploads/**, /swagger-ui*/*swagger-initializer.js, /swagger-ui*/**] in 'resourceHandlerMapping'
2025-12-29T19:19:23.337+05:30 DEBUG 21024 --- [Nexashop] [main] o.s.s.web.DefaultSecurityFilterChain     : Will secure any request with filters: DisableEncodeUrlFilter, WebAsyncManagerIntegrationFilter, SecurityContextHolderFilter, HeaderWriterFilter, CorsFilter, LogoutFilter, JwtAuthenticationFilter, RequestCacheAwareFilter, SecurityContextHolderAwareRequestFilter, AnonymousAuthenticationFilter, SessionManagementFilter, ExceptionTranslationFilter, AuthorizationFilter
2025-12-29T19:19:23.401+05:30 DEBUG 21024 --- [Nexashop] [main] s.w.s.m.m.a.RequestMappingHandlerAdapter : ControllerAdvice beans: 0 @ModelAttribute, 0 @InitBinder, 1 RequestBodyAdvice, 1 ResponseBodyAdvice
2025-12-29T19:19:23.446+05:30 DEBUG 21024 --- [Nexashop] [main] .m.m.a.ExceptionHandlerExceptionResolver : ControllerAdvice beans: 2 @ExceptionHandler, 1 ResponseBodyAdvice
2025-12-29T19:19:23.659+05:30  INFO 21024 --- [Nexashop] [main] o.s.b.w.embedded.tomcat.TomcatWebServer  : Tomcat started on port 8080 (http) with context path '/'
2025-12-29T19:19:23.668+05:30  INFO 21024 --- [Nexashop] [main] c.nexashop.backend.NexaShopApplication   : Started NexaShopApplication in 5.638 seconds (process running for 5.993)
2025-12-29T19:19:38.308+05:30  INFO 21024 --- [Nexashop] [http-nio-8080-exec-2] o.a.c.c.C.[Tomcat].[localhost].[/]       : Initializing Spring DispatcherServlet 'dispatcherServlet'
2025-12-29T19:19:38.308+05:30  INFO 21024 --- [Nexashop] [http-nio-8080-exec-2] o.s.web.servlet.DispatcherServlet        : Initializing Servlet 'dispatcherServlet'
2025-12-29T19:19:38.309+05:30 DEBUG 21024 --- [Nexashop] [http-nio-8080-exec-2] o.s.web.servlet.DispatcherServlet        : Detected StandardServletMultipartResolver
2025-12-29T19:19:38.310+05:30 DEBUG 21024 --- [Nexashop] [http-nio-8080-exec-2] o.s.web.servlet.DispatcherServlet        : Detected AcceptHeaderLocaleResolver
2025-12-29T19:19:38.310+05:30 DEBUG 21024 --- [Nexashop] [http-nio-8080-exec-2] o.s.web.servlet.DispatcherServlet        : Detected FixedThemeResolver
2025-12-29T19:19:38.311+05:30 DEBUG 21024 --- [Nexashop] [http-nio-8080-exec-2] o.s.web.servlet.DispatcherServlet        : Detected org.springframework.web.servlet.view.DefaultRequestToViewNameTranslator@5e92a27
2025-12-29T19:19:38.312+05:30 DEBUG 21024 --- [Nexashop] [http-nio-8080-exec-2] o.s.web.servlet.DispatcherServlet        : Detected org.springframework.web.servlet.support.SessionFlashMapManager@6049b4c9
2025-12-29T19:19:38.313+05:30 DEBUG 21024 --- [Nexashop] [http-nio-8080-exec-2] o.s.web.servlet.DispatcherServlet        : enableLoggingRequestDetails='false': request parameters and headers will be masked to prevent unsafe logging of potentially sensitive data
2025-12-29T19:19:38.313+05:30  INFO 21024 --- [Nexashop] [http-nio-8080-exec-2] o.s.web.servlet.DispatcherServlet        : Completed initialization in 4 ms
2025-12-29T19:19:38.341+05:30 DEBUG 21024 --- [Nexashop] [http-nio-8080-exec-2] o.s.security.web.FilterChainProxy        : Securing GET /api/products?limit=12
2025-12-29T19:19:38.341+05:30 DEBUG 21024 --- [Nexashop] [http-nio-8080-exec-1] o.s.security.web.FilterChainProxy        : Securing GET /api/categories
2025-12-29T19:19:38.397+05:30 DEBUG 21024 --- [Nexashop] [http-nio-8080-exec-1] o.s.s.w.a.AnonymousAuthenticationFilter  : Set SecurityContextHolder to anonymous SecurityContext
2025-12-29T19:19:38.397+05:30 DEBUG 21024 --- [Nexashop] [http-nio-8080-exec-2] o.s.s.w.a.AnonymousAuthenticationFilter  : Set SecurityContextHolder to anonymous SecurityContext
2025-12-29T19:19:38.405+05:30 DEBUG 21024 --- [Nexashop] [http-nio-8080-exec-1] o.s.s.w.a.Http403ForbiddenEntryPoint     : Pre-authenticated entry point called. Rejecting access
2025-12-29T19:19:38.404+05:30 DEBUG 21024 --- [Nexashop] [http-nio-8080-exec-2] o.s.security.web.FilterChainProxy        : Secured GET /api/products?limit=12
2025-12-29T19:19:38.418+05:30 DEBUG 21024 --- [Nexashop] [http-nio-8080-exec-2] o.s.web.servlet.DispatcherServlet        : GET "/api/products?limit=12", parameters={masked}
2025-12-29T19:19:38.468+05:30 DEBUG 21024 --- [Nexashop] [http-nio-8080-exec-2] s.w.s.m.m.a.RequestMappingHandlerMapping : Mapped to com.nexashop.backend.controller.ProductController#getAllProducts(String, String, int, int)
2025-12-29T19:19:38.482+05:30 DEBUG 21024 --- [Nexashop] [http-nio-8080-exec-1] o.s.security.web.FilterChainProxy        : Securing GET /error
2025-12-29T19:19:38.485+05:30 DEBUG 21024 --- [Nexashop] [http-nio-8080-exec-1] o.s.security.web.FilterChainProxy        : Secured GET /error
2025-12-29T19:19:38.485+05:30 DEBUG 21024 --- [Nexashop] [http-nio-8080-exec-1] o.s.web.servlet.DispatcherServlet        : "ERROR" dispatch for GET "/error", parameters={}
2025-12-29T19:19:38.486+05:30 DEBUG 21024 --- [Nexashop] [http-nio-8080-exec-1] s.w.s.m.m.a.RequestMappingHandlerMapping : Mapped to org.springframework.boot.autoconfigure.web.servlet.error.BasicErrorController#error(HttpServletRequest)
2025-12-29T19:19:38.529+05:30 DEBUG 21024 --- [Nexashop] [http-nio-8080-exec-1] o.s.w.s.m.m.a.HttpEntityMethodProcessor  : Using 'application/json', given [application/json] and supported [application/json, application/*+json, application/yaml]
2025-12-29T19:19:38.535+05:30 DEBUG 21024 --- [Nexashop] [http-nio-8080-exec-1] o.s.w.s.m.m.a.HttpEntityMethodProcessor  : Writing [{timestamp=Mon Dec 29 19:19:38 IST 2025, status=403, error=Forbidden, path=/api/categories}]
2025-12-29T19:19:38.591+05:30 DEBUG 21024 --- [Nexashop] [http-nio-8080-exec-1] o.s.web.servlet.DispatcherServlet        : Exiting from "ERROR" dispatch, status 403
2025-12-29T19:19:38.592+05:30 DEBUG 21024 --- [Nexashop] [http-nio-8080-exec-1] o.s.s.w.a.AnonymousAuthenticationFilter  : Set SecurityContextHolder to anonymous SecurityContext
2025-12-29T19:19:38.690+05:30 DEBUG 21024 --- [Nexashop] [http-nio-8080-exec-2] o.s.w.s.m.m.a.HttpEntityMethodProcessor  : Using 'application/json', given [application/json] and supported [application/json, application/*+json, application/yaml]
2025-12-29T19:19:38.690+05:30 DEBUG 21024 --- [Nexashop] [http-nio-8080-exec-2] o.s.w.s.m.m.a.HttpEntityMethodProcessor  : Writing [{total=0, pageSize=12, page=1, products=[]}]
2025-12-29T19:19:38.696+05:30 DEBUG 21024 --- [Nexashop] [http-nio-8080-exec-2] o.s.web.servlet.DispatcherServlet        : Completed 200 OK
2025-12-29T19:20:13.642+05:30 DEBUG 21024 --- [Nexashop] [http-nio-8080-exec-3] o.s.security.web.FilterChainProxy        : Securing OPTIONS /api/customers/register
2025-12-29T19:20:13.648+05:30 DEBUG 21024 --- [Nexashop] [http-nio-8080-exec-4] o.s.security.web.FilterChainProxy        : Securing POST /api/customers/register
2025-12-29T19:20:13.650+05:30 DEBUG 21024 --- [Nexashop] [http-nio-8080-exec-4] o.s.s.w.a.AnonymousAuthenticationFilter  : Set SecurityContextHolder to anonymous SecurityContext
2025-12-29T19:20:13.651+05:30 DEBUG 21024 --- [Nexashop] [http-nio-8080-exec-4] o.s.security.web.FilterChainProxy        : Secured POST /api/customers/register
2025-12-29T19:20:13.652+05:30 DEBUG 21024 --- [Nexashop] [http-nio-8080-exec-4] o.s.web.servlet.DispatcherServlet        : POST "/api/customers/register", parameters={}
2025-12-29T19:20:13.653+05:30 DEBUG 21024 --- [Nexashop] [http-nio-8080-exec-4] s.w.s.m.m.a.RequestMappingHandlerMapping : Mapped to com.nexashop.backend.controller.CustomerAuthController#register(CustomerRegisterRequest)
2025-12-29T19:20:13.701+05:30 DEBUG 21024 --- [Nexashop] [http-nio-8080-exec-4] m.m.a.RequestResponseBodyMethodProcessor : Read "application/json;charset=UTF-8" to [com.nexashop.backend.dto.CustomerRegisterRequest@13584409]
2025-12-29T19:20:14.218+05:30  WARN 21024 --- [Nexashop] [http-nio-8080-exec-4] o.h.engine.jdbc.spi.SqlExceptionHelper   : SQL Error: 1364, SQLState: HY000
2025-12-29T19:20:14.219+05:30 ERROR 21024 --- [Nexashop] [http-nio-8080-exec-4] o.h.engine.jdbc.spi.SqlExceptionHelper   : Field 'username' doesn't have a default value
2025-12-29T19:20:14.232+05:30 DEBUG 21024 --- [Nexashop] [http-nio-8080-exec-4] .m.m.a.ExceptionHandlerExceptionResolver : Using @ExceptionHandler com.nexashop.backend.exception.GlobalExceptionHandler#handleGlobalException(Exception, WebRequest)
2025-12-29T19:20:14.233+05:30 DEBUG 21024 --- [Nexashop] [http-nio-8080-exec-4] o.s.w.s.m.m.a.HttpEntityMethodProcessor  : Using 'application/json', given [application/json] and supported [application/json, application/*+json, application/yaml]
2025-12-29T19:20:14.234+05:30 DEBUG 21024 --- [Nexashop] [http-nio-8080-exec-4] o.s.w.s.m.m.a.HttpEntityMethodProcessor  : Writing [{path=uri=/api/customers/register, error=Internal Server Error, message=could not execute statement  (truncated)...]
2025-12-29T19:20:14.238+05:30 DEBUG 21024 --- [Nexashop] [http-nio-8080-exec-4] .m.m.a.ExceptionHandlerExceptionResolver : Resolved [org.springframework.orm.jpa.JpaSystemException: could not execute statement [Field 'username' doesn't have a default value] [insert into customers (created_at,email,is_email_verified,mobile,is_mobile_verified,name,password,updated_at) values (?,?,?,?,?,?,?,?)]]
2025-12-29T19:20:14.239+05:30 DEBUG 21024 --- [Nexashop] [http-nio-8080-exec-4] o.s.web.servlet.DispatcherServlet        : Completed 500 INTERNAL_SERVER_ERROR
2025-12-29T19:21:10.971+05:30  INFO 21024 --- [Nexashop] [SpringApplicationShutdownHook] o.s.b.w.e.tomcat.GracefulShutdown        : Commencing graceful shutdown. Waiting for active requests to complete
2025-12-29T19:21:10.983+05:30  INFO 21024 --- [Nexashop] [tomcat-shutdown] o.s.b.w.e.tomcat.GracefulShutdown        : Graceful shutdown complete
2025-12-29T19:21:10.999+05:30  INFO 21024 --- [Nexashop] [SpringApplicationShutdownHook] j.LocalContainerEntityManagerFactoryBean : Closing JPA EntityManagerFactory for persistence unit 'default'
2025-12-29T19:21:11.004+05:30  INFO 21024 --- [Nexashop] [SpringApplicationShutdownHook] com.zaxxer.hikari.HikariDataSource       : HikariPool-1 - Shutdown initiated...
2025-12-29T19:21:11.014+05:30  INFO 21024 --- [Nexashop] [SpringApplicationShutdownHook] com.zaxxer.hikari.HikariDataSource       : HikariPool-1 - Shutdown completed.
